StartDate,Duration (in seconds),ResponseId,LocationLatitude,LocationLongitude,Q1,Q1_4_TEXT,Q1.5,Q1.5_6_TEXT,school_name,Q2_69_TEXT,Q3,Q3_5_TEXT,Q5,Q6,Q7,Q8,Q9,Q10,Q11,Q12,Q13,Q14,Q15,Q16,Q17,Q18,Q18_5_TEXT,Q18_6_TEXT,Q19,Q19_7_TEXT,Q20,Q21,Q22,Q23,Q24,Q25,Q26,Q27,Q28,Q29,Q30,Q31_1,Q31_2,Q32,Q33,Q34,Q35,Q36,Q37,Q38,Q39,Q39_TEXT,Q40_1,Q81_1,Q81_2,Q81_3,Q38.5,Q38.5_4_TEXT,Q38.5.5,Q38.5.5_4_TEXT,Q79,Q79_3_TEXT,Q41,Q42,Q43,Q80,Q44,Q45,Q82,Q82_13_TEXT,update_date
9/10/2025 3:24:52,0,R_nzTsknIB4bSq76G,7.297644,-2.397433,Richard,NA,"Isaac,Richard,Alex,Peace",NA,Mobia,NA,"Routine Check In,Computer Training,Menstrual Kit Distribution and Training",NA,850,NA,NA,NA,NA,NA,NA,NA,NA,NA,NA,NA,NA,NA,NA,NA,NA,NA,NA,NA,NA,NA,NA,NA,NA,NA,NA,NA,NA,NA,NA,NA,NA,NA,NA,NA,NA,NA,NA,NA,NA,NA,NA,NA,NA,NA,NA,NA,NA,NA,NA,NA,NA,NA,NA,NA,NA,NA,2025-09-10
9/17/2025 8:03:14,539,R_eW1PYvuhk3diCdq,5.986529,0.357595,Alex,NA,NA,NA,Luta,NA,"MGR Maintenance,Routine Check In,Survey Students",NA,115,124,13,76,19,Yes,48,19,NA,27,N/A,NA,NA,It works perfectly,NA,NA,NA,NA,Yes,NA,NA,NA,NA,NA,NA,NA,NA,Yes,3 or more times in a term,5- This describes our school,5- This describes our school,"No, they need a library",Yes,"Yes, another organization or the government has given them some","Yes, another organization or the government has provided access to clean water","Yes, they already had enough classrooms or another organization has provided them",Yes,Library books,"Yes, from EPI",NA,10,NA,NA,NA,NA,NA,NA,NA,NA,NA,No,NA,16/09/2025,No,Yes,Yes,NA,NA,2025-09-17
9/17/2025 6:50:07,475,R_jXEDYkMHvvJjR2N,5.892939,0.421933,Alex,NA,Other,Vincent,Madavunu,NA,"Routine Check In,Survey Students",NA,801,231,11,170,19,Yes,61,19,NA,33,NA,NA,NA,It works perfectly,NA,NA,NA,NA,Yes,NA,No,NA,19,13,Yes,NA,NA,Yes,3 or more times in a term,5- This describes our school,5- This describes our school,"No, they need a library",Yes,"Yes, another organization or the government has given them some","Yes, another organization or the government has provided access to clean water","Yes, they already had enough classrooms or another organization has provided them",Yes,NA,No,NA,NA,NA,NA,NA,NA,NA,NA,NA,NA,NA,NA,NA,NA,NA,NA,Yes,NA,NA,2025-09-17
9/17/2025 5:41:12,533,R_jN2HwC67WfYYKRv,6.00501,0.424935,Alex,NA,NA,NA,Terhey,NA,"MGR Maintenance,Routine Check In,Survey Students",NA,700,153,9,106,9,Yes,47,9,NA,28,N/A,NA,NA,It works perfectly,NA,NA,NA,NA,Yes,NA,No,NA,15,8,Yes,NA,NA,Yes,1-2 times in a term,5- This describes our school,5- This describes our school,"No, they need a library",Yes,"Yes, another organization or the government has given them some","Yes, another organization or the government has provided access to clean water","Yes, they already had enough classrooms or another organization has provided them",Yes,NA,No,NA,NA,NA,NA,NA,NA,NA,NA,NA,NA,NA,NA,NA,NA,NA,NA,Yes,NA,NA,2025-09-17
9/17/2025 4:07:57,860,R_ncZUSDIIDERCCTn,5.952784,0.371491,Alex,NA,NA,NA,Amuyaokope,NA,"Routine Check In,Survey Students",NA,1000,289,12,186,30,Yes,98,30,NA,26,N/A,NA,NA,It works perfectly,NA,NA,NA,NA,Yes,NA,NA,NA,NA,NA,NA,NA,NA,Yes,3 or more times in a term,5- This describes our school,5- This describes our school,"No, they need a library",Yes,"Yes, another organization or the government has given them some","Yes, another organization or the government has provided access to clean water","Yes, they already had enough classrooms or another organization has provided them",Yes,2025,"Yes, from EPI",NA,10,NA,NA,NA,NA,NA,NA,NA,NA,NA,No,NA,17/09/2025,No,Yes,Yes,NA,NA,2025-09-17
9/18/2025 6:07:11,233,R_4xiYnkmps9CCvbW,5.9031,-0.522275,Alex,NA,NA,NA,Wurudu Wurudu,NA,"Routine Check In,Survey Students",NA,800,230,13,170,13,Yes,60,13,NA,NA,N/A,NA,NA,It works perfectly,NA,NA,NA,NA,Yes,NA,NA,NA,NA,NA,NA,NA,NA,Yes,3 or more times in a term,5- This describes our school,5- This describes our school,"Yes, EPI has given them a library",NA,"Yes, another organization or the government has given them some","Yes, EPI has helped them get access to clean water","Yes, EPI has built enough classrooms for them to use",Yes,NA,"Yes, from EPI",NA,10,NA,NA,NA,NA,NA,NA,NA,NA,NA,No,NA,18/09/2025,No,Yes,Maybe,NA,NA,2025-09-18
9/23/2025 5:24:07,818,R_jjdhffBPcfj0YIk,5.973465,-0.215938,Alex,NA,NA,NA,Attabui,NA,"Routine Check In,Survey Students",NA,500,175,14,125,17,Yes,50,29,NA,29,29,NA,NA,It works perfectly,NA,NA,NA,NA,Yes,NA,NA,NA,NA,NA,NA,NA,NA,Yes,1-2 times in a term,5- This describes our school,5- This describes our school,"Yes, another organization or the government has given them a library",NA,"Yes, another organization or the government has given them some","Yes, another organization or the government has provided access to clean water","Yes, they already had enough classrooms or another organization has provided them",Yes,NA,"Yes, from EPI",NA,10,NA,NA,NA,NA,NA,NA,NA,NA,NA,No,NA,23/09/2025,No,Yes,Maybe,NA,NA,2025-09-23
9/24/2025 6:03:47,287,R_ip0kKsuBEfb660B,6.296918,-0.689601,Richard,NA,NA,NA,Ekorso Akwadum,NA,"Routine Check In,Survey Students,Computer Training",NA,1860,268,11,68,48,NA,13,13,NA,37,37,NA,NA,1,NA,NA,NA,NA,Yes,NA,NA,NA,NA,NA,NA,NA,NA,NA,1-2 times in a term,5- This describes our school,5- This describes our school,"Yes, another organization or the government has given them a library",NA,"Yes, another organization or the government has given them some","Yes, another organization or the government has provided access to clean water","Yes, they already had enough classrooms or another organization has provided them",Yes,NA,"Yes, from EPI",NA,10,NA,NA,NA,NA,NA,NA,NA,NA,NA,No,NA,23/08/2025,NA,Yes,Yes,NA,NA,2025-09-24
9/18/2025 4:35:38,498,R_25lZ1XqNN4xi4xG,6.372827,-1.06349,Richard,NA,No,NA,Bepotumtum,NA,"Routine Check In,Survey Students,Computer Training",NA,900,120,7,47,15,NA,35,12,NA,19,N/A,NA,NA,It works perfectly,NA,NA,NA,NA,Yes,NA,NA,NA,NA,NA,NA,NA,NA,NA,1-2 times in a term,5- This describes our school,5- This describes our school,"Yes, EPI has given them a library",NA,"Yes, another organization or the government has given them some","Yes, EPI has helped them get access to clean water","Yes, they already had enough classrooms or another organization has provided them",Yes,NA,"Yes, from EPI",NA,10,NA,NA,NA,NA,NA,NA,NA,NA,NA,Yes,3 have broken down currently,18-08-2025,NA,Yes,No,NA,NA,2025-09-18
9/24/2025 4:01:52,402,R_7QTbzfuxxFVgxrT,6.309029,-0.671611,Richard,NA,NA,NA,Wekpeti Abresu,NA,"Routine Check In,Survey Students,Computer Training",NA,1200,246,12,56,11,NA,58,15,NA,21,N/A,NA,NA,It works perfectly,NA,NA,NA,NA,Yes,NA,No,NA,N/A,N/A,No,NA,NA,NA,1-2 times in a term,3- This describes our school a little bit,3- This describes our school a little bit,"No, they need a library",Yes,"Yes, another organization or the government has given them some","Yes, another organization or the government has provided access to clean water","Yes, they already had enough classrooms or another organization has provided them",Yes,NA,No,NA,NA,NA,NA,NA,NA,NA,NA,NA,NA,NA,NA,NA,NA,NA,NA,Yes,NA,NA,2025-09-24
9/29/2025 3:58:27,3196,R_lV8ejTFM8JocRyB,5.578254,-0.881774,Richard,NA,NA,NA,Mansokwa,NA,"MGR Maintenance,Routine Check In,Survey Students,Computer Training",NA,1230,150,11,107,13,NA,54,11,NA,24,11,NA,NA,It works perfectly,NA,NA,NA,NA,No,NA,Yes,[map[Text:1 Value:3]],14,13,Yes,NA,NA,NA,1-2 times in a term,3- This describes our school a little bit,5- This describes our school,"No, they need a library","No, they need a classroom block or building for their library","Yes, another organization or the government has given them some","Yes, EPI has helped them get access to clean water","Yes, they already had enough classrooms or another organization has provided them",Yes,NA,"Yes, but not from EPI",NA,NA,NA,20,NA,"They received some training, but it wasn't very helpful",NA,No,NA,Yes,NA,Yes,15,20/07/2025,Yes,Yes,No,NA,NA,2025-09-29
10/2/2025 4:49:57,160,R_3dqSEJ82AA879Jd,6.358422,-0.66243,Richard,NA,No,NA,Abrenya,NA,"MGR Maintenance,Routine Check In,Survey Students,Computer Training",NA,640,95,11,34,12,NA,28,12,NA,29,12,NA,NA,It works perfectly,NA,NA,NA,NA,Yes,NA,NA,NA,NA,NA,NA,NA,NA,NA,1-2 times in a term,3- This describes our school a little bit,3- This describes our school a little bit,"Yes, EPI has given them a library",NA,"Yes, EPI has helped build some","Yes, EPI has helped them get access to clean water","Yes, EPI has built enough classrooms for them to use",Yes,NA,No,NA,NA,NA,NA,NA,NA,NA,NA,NA,NA,NA,NA,NA,NA,NA,NA,Yes,NA,NA,2025-10-02
10/14/2025 5:06:26,327,R_9HemqAhOLK3SnP0,7.662775,-0.991046,Richard,NA,"Richard,Alex,Peace,Other",Akuvi,Old Konkompe,NA,"MGR Maintenance,Routine Check In,Survey Students,Computer Training",NA,1020,320,10,154,11,NA,27,32,NA,24,32,NA,NA,It works perfectly,NA,NA,NA,NA,Yes,NA,NA,NA,NA,NA,NA,NA,NA,NA,They don't use them,1- This does not describe our school,1- This does not describe our school,"No, they need a library","No, they need a classroom block or building for their library","Yes, another organization or the government has given them some","Yes, another organization or the government has provided access to clean water","Yes, they already had enough classrooms or another organization has provided them",Yes,NA,No,NA,NA,NA,NA,NA,NA,NA,NA,NA,NA,NA,NA,NA,NA,NA,NA,No,NA,NA,2025-10-14
10/6/2025 5:31:19,347,R_o0MJ2LSwWUFRfwm,6.849824,-1.136303,Isaac,NA,"Richard,Alex,Peace,Other",Akuvi,Bahankra,NA,"Routine Check In,Survey Students,Computer Training",NA,1200,335,17,102,24,NA,68,17,NA,22,17,NA,NA,It works perfectly,NA,NA,NA,NA,"No, but they have poles or power lines",NA,No,NA,17,17,Yes,NA,NA,NA,1-2 times in a term,5- This describes our school,5- This describes our school,"No, they need a library",Yes,"Yes, another organization or the government has given them some","Yes, another organization or the government has provided access to clean water","Yes, EPI has built enough classrooms for them to use",Yes,NA,No,NA,NA,NA,NA,NA,NA,NA,NA,NA,NA,NA,NA,NA,NA,NA,NA,Yes,NA,NA,2025-10-06
10/14/2025 6:25:16,727,R_3cjfRUcxt0iP5aA,7.647276,-0.966038,Richard,NA,"Richard,Alex,Peace,Other",Akuvi,Watro (Watroso),NA,"Routine Check In,Survey Students,Computer Training",NA,2500,420,15,143,52,NA,110,9,NA,24,9,NA,NA,1,NA,NA,NA,NA,Yes,NA,NA,NA,NA,NA,NA,NA,NA,NA,1-2 times in a term,3- This describes our school a little bit,3- This describes our school a little bit,"No, they need a library",Yes,"Yes, EPI has helped build some","Yes, EPI has helped them get access to clean water","Yes, EPI has built enough classrooms for them to use",Yes,NA,No,NA,NA,NA,NA,NA,NA,NA,NA,NA,NA,NA,NA,NA,NA,NA,NA,No,NA,NA,2025-10-14
10/6/2025 8:18:25,224,R_kxp4ADlOy1E4hn8,6.990119,-1.099269,Richard,NA,"Alex,Peace,Other",Akuvi,Wenamda,NA,"MGR Maintenance,Routine Check In,Survey Students,Computer Training",NA,439,400,13,102,22,NA,120,21,NA,25,19,NA,NA,It works perfectly,NA,NA,NA,NA,No,NA,No,NA,15,15,NA,NA,NA,NA,1-2 times in a term,3- This describes our school a little bit,3- This describes our school a little bit,"Yes, EPI has given them a library",NA,"Yes, another organization or the government has given them some","Yes, another organization or the government has provided access to clean water","Yes, they already had enough classrooms or another organization has provided them",Yes,NA,No,NA,NA,NA,NA,NA,NA,NA,NA,NA,NA,NA,NA,NA,NA,NA,NA,No,NA,NA,2025-10-06
10/7/2025 5:19:39,231,R_3pdOWYb4BY2O4Zi,7.125686,-0.676343,Richard,NA,"Richard,Alex,Peace,Other",Akuvi,Tun Tun,Tuntum,"MGR Maintenance,Routine Check In,Survey Students,Computer Training",NA,569,110,17,46,6,NA,76,7,NA,11,7,NA,NA,It works perfectly,NA,NA,NA,NA,No,NA,No,NA,10,10,Yes,NA,NA,NA,1-2 times in a term,3- This describes our school a little bit,3- This describes our school a little bit,"No, they need a library","No, they need a classroom block or building for their library","Yes, EPI has helped build some","Yes, EPI has helped them get access to clean water","Yes, they already had enough classrooms or another organization has provided them",Yes,NA,No,NA,NA,NA,NA,NA,NA,NA,NA,NA,NA,NA,NA,NA,NA,NA,NA,No,NA,NA,2025-10-07
10/6/2025 6:38:53,246,R_9FeLMdm48Tggnn7,6.865513,-1.217695,Richard,NA,"Alex,Peace,Other",Akuvi,Domase,NA,"Routine Check In,Survey Students,Computer Training",NA,1400,210,6,48,7,NA,7,N/A,NA,N/,N/A,NA,NA,It works perfectly,NA,NA,NA,NA,No,NA,No,NA,15,15,Yes,NA,NA,NA,They don't use them,1- This does not describe our school,1- This does not describe our school,"No, they need a library","No, they need a classroom block or building for their library","Yes, EPI has helped build some","Yes, EPI has helped them get access to clean water","No, this school needs more classrooms or an upgrade to their current buildings",Yes,NA,No,NA,NA,NA,NA,NA,NA,NA,NA,NA,NA,NA,NA,NA,NA,NA,NA,Yes,NA,NA,2025-10-06
10/7/2025 3:35:53,226,R_7ZkgXP2Ltb9Hp1w,7.122943,-0.795534,Richard,NA,"Alex,Peace,Other",Akuvi,Mosipani,Mosipanin,"MGR Maintenance,Routine Check In,Survey Students,Computer Training",NA,2500,292,24,58,18,NA,18,18,NA,11,18,NA,NA,It works perfectly,NA,NA,NA,NA,No,NA,Yes,NA,10,10,Yes,NA,NA,NA,1-2 times in a term,5- This describes our school,5- This describes our school,"No, they need a library",Yes,NA,"Yes, EPI has helped them get access to clean water","Yes, EPI has built enough classrooms for them to use",Yes,NA,No,NA,NA,NA,NA,NA,NA,NA,NA,NA,NA,NA,NA,NA,NA,NA,NA,No,NA,NA,2025-10-07
11/12/2025 3:25:09,967,R_5ui5bACK3c3Pr0b,5.945911,-0.327032,Alex,NA,"Peace,Akuvi",NA,Afransua Dedewa MA Primary,NA,"Routine Check In,Computer Training",NA,800,206,12,157,20,Yes,49,19,NA,Pass,19,NA,NA,It works perfectly,NA,NA,NA,NA,Yes,NA,NA,NA,NA,NA,NA,NA,NA,Yes,3 or more times in a term,5- This describes our school,5- This describes our school,"No, they need a library","No, they need a classroom block or building for their library","No, this school needs a toilet","No, this school needs a borehole or other clean water solution","No, this school needs more classrooms or an upgrade to their current buildings",Yes,2025-05-01,"Yes, from EPI",NA,10,NA,NA,NA,NA,NA,NA,NA,NA,NA,Yes,The roof leaked water into the lab and caused flooding,16/09/2025,No,Yes,NA,NA,NA,2025-11-12
11/6/2025 3:04:46,798,R_lZZG5H4yOj7GOFh,5.946206,-0.540632,Alex,NA,"Alex,Peace,Akuvi",NA,Fawotrikosie,NA,"MGR Maintenance,Survey Students,Menstrual Kit Distribution and Training",NA,700,133,6,94,12,Yes,39,10,NA,27,10,NA,NA,It works perfectly,NA,NA,NA,NA,Yes,NA,NA,NA,NA,NA,NA,NA,NA,Yes,3 or more times in a term,5- This describes our school,5- This describes our school,"Yes, another organization or the government has given them a library",NA,"No, this school needs a toilet","Yes, EPI has helped them get access to clean water","Yes, EPI has built enough classrooms for them to use",Yes,6th Nov 2025,"Yes, from EPI",NA,10,NA,NA,NA,NA,NA,NA,NA,NA,NA,No,NA,06/11/2025,No,Yes,NA,NA,NA,2025-11-06
11/13/2025 3:10:18,801,R_oAQdt5uZIrx3384,6.024739,0.259116,Alex,NA,NA,NA,Nyapienya,NA,"MGR Maintenance,Routine Check In,Computer Training",NA,500,230,10,194,12,Yes,36,10,NA,27,9,NA,NA,It works perfectly,NA,NA,NA,NA,Yes,NA,No,NA,10,10,Yes,NA,NA,Yes,3 or more times in a term,5- This describes our school,5- This describes our school,"Yes, EPI has given them a library",NA,"Yes, another organization or the government has given them some","Yes, another organization or the government has provided access to clean water","Yes, EPI has built enough classrooms for them to use",Yes,2025-08-09,No,NA,NA,NA,NA,NA,NA,NA,NA,NA,NA,NA,NA,NA,NA,NA,NA,NA,NA,NA,2025-11-13
11/14/2025 3:07:56,578,R_9Xm5Tz3TOyPnI5N,5.848665,0.047013,Alex,NA,NA,NA,Mampong Shai,NA,"MGR Maintenance,Routine Check In,Computer Training",NA,500,385,15,263,52,Yes,123,33,NA,24,20,NA,NA,It works perfectly,NA,NA,NA,NA,Yes,NA,NA,NA,NA,NA,NA,NA,NA,Yes,3 or more times in a term,5- This describes our school,5- This describes our school,"Yes, EPI has given them a library",NA,"Yes, another organization or the government has given them some","Yes, another organization or the government has provided access to clean water","Yes, they already had enough classrooms or another organization has provided them",Yes,2025-09-11,No,NA,NA,NA,NA,NA,NA,NA,NA,NA,NA,NA,NA,NA,NA,NA,NA,NA,NA,NA,2025-11-14
10/27/2025 5:29:49,0,R_13ScTaesfS9euVb,6.155074,-0.329501,Richard,NA,Akuvi,NA,Mpaem,NA,Other,NA,1400,NA,NA,NA,NA,NA,NA,NA,NA,NA,NA,NA,NA,NA,NA,NA,NA,NA,NA,NA,NA,NA,NA,NA,NA,NA,NA,NA,NA,NA,NA,NA,NA,NA,NA,NA,NA,NA,NA,NA,NA,NA,NA,NA,NA,NA,NA,NA,NA,NA,NA,NA,NA,NA,NA,NA,NA,NA,2025-10-27
9/30/2025 6:23:01,0,R_0Nc0uclb8l8i69L,6.158706,-0.338186,Richard,NA,No,NA,Mpaem,NA,Computer Training,NA,1300,NA,NA,NA,NA,NA,NA,NA,NA,NA,NA,NA,NA,NA,NA,NA,NA,NA,NA,NA,NA,NA,NA,NA,NA,NA,NA,NA,NA,NA,NA,NA,NA,NA,NA,NA,NA,NA,NA,NA,NA,NA,NA,NA,NA,NA,NA,NA,NA,NA,NA,NA,NA,NA,NA,NA,NA,NA,2025-09-30
11/14/2025 4:07:41,710,R_25yML60l1fJ4Wvd,5.862957,0.031883,Alex,NA,Alex,NA,Dedenya,NA,"Routine Check In,Computer Training",NA,2500,490,17,287,56,Yes,142,42,NA,23,30,NA,NA,It works perfectly,NA,NA,NA,NA,Yes,NA,NA,NA,NA,NA,NA,NA,NA,Yes,1-2 times in a term,5- This describes our school,5- This describes our school,"Yes, EPI has given them a library",NA,"Yes, another organization or the government has given them some","Yes, another organization or the government has provided access to clean water","Yes, they already had enough classrooms or another organization has provided them",Yes,2025-09-11,"Yes, from EPI",NA,10,NA,NA,NA,NA,NA,NA,NA,NA,NA,No,NA,09/11/2025,No,Yes,NA,NA,NA,2025-11-14
2025-10-29 7:03:25,808,R_kRLn0rPV9S1Woa6,7.017075,-1.1187,Richard,NA,"Alex,Akuvi,Other",Larry,Dagomba,NA,"Survey Students,Computer Training",NA,2600,427,29,174,39,Yes,95,36,NA,13,36,NA,NA,It works perfectly,NA,NA,NA,NA,Yes,NA,NA,NA,NA,NA,NA,NA,NA,Yes,1-2 times in a term,3- This describes our school a little bit,3- This describes our school a little bit,"Yes, EPI has given them a library",NA,"Yes, another organization or the government has given them some","Yes, another organization or the government has provided access to clean water","Yes, they already had enough classrooms or another organization has provided them",Yes,20/10/25,"Yes, from EPI",NA,10,NA,NA,NA,NA,NA,NA,NA,NA,NA,No,NA,28/10/2025,Yes,Yes,NA,NA,NA,2025-10-29
2026-01-22 4:05:25,776,R_aBNUG75panH2DzG,5.809056,-0.45693,Alex,NA,"Peace,Akuvi",NA,Mamkrom,NA,Routine Check In,NA,101,300,15,200,30,Yes,65,13,13,18,12,NA,Original Power Generating MGR,It works perfectly,NA,NA,NA,NA,Yes,"Yes, some students are still using lanterns powered by the MGR",Yes,6,10,8,Yes,NA,NA,Yes,3 or more times in a term,5- This describes our school,5- This describes our school,"Yes, another organization or the government has given them a library",NA,"Yes, another organization or the government has given them some","Yes, another organization or the government has provided access to clean water","Yes, they already had enough classrooms or another organization has provided them",Yes,3 months,No,NA,NA,NA,NA,NA,NA,NA,NA,NA,NA,NA,NA,NA,NA,NA,NA,No,NA,NA,2026-01-22
2025-11-27 4:32:50,668,R_jfk1TqpJiJrDG4L,5.985422,0.358618,Alex,NA,NA,NA,Luta,NA,"MGR Maintenance,Routine Check In",NA,700,112,14,43,14,Yes,45,19,NA,29,19,NA,NA,It works perfectly,NA,NA,NA,NA,Yes,NA,No,NA,5,5,Yes,NA,NA,Yes,3 or more times in a term,5- This describes our school,5- This describes our school,"No, they need a library",Yes,"Yes, another organization or the government has given them some","Yes, another organization or the government has provided access to clean water","Yes, they already had enough classrooms or another organization has provided them",Yes,September,"Yes, from EPI",NA,10,NA,NA,NA,NA,NA,NA,NA,NA,NA,No,NA,10/09/2025,No,Yes,NA,NA,NA,2025-11-27
2026-01-27 5:44:09,404,R_4iWKygVQVSwGA8r,7.122904,-0.79509,Richard,NA,NA,NA,Tun Tun,NA,Menstrual Kit Distribution and Training,NA,2200,243,18,215,11,Yes,28,13,NA,11,11,NA,NA,"The merry go round works well, but the charging station and solar panels have problems",NA,NA,NA,NA,"No, but they have poles or power lines",NA,No,NA,10,10,Yes,NA,NA,Yes,1-2 times in a term,5- This describes our school,5- This describes our school,"No, they need a library",Yes,"No, this school needs a toilet","Yes, EPI has helped them get access to clean water","Yes, they already had enough classrooms or another organization has provided them",Yes,NA,No,NA,NA,NA,NA,NA,NA,NA,NA,NA,NA,NA,NA,NA,NA,NA,NA,NA,NA,NA,2026-01-27
2026-01-27 3:48:09,370,R_6rnl4EIo8jFtpzI,7.125431,-0.6764,Richard,NA,NA,NA,Tun Tun,NA,MGR Maintenance,NA,820,150,16,120,6,Yes,21,7,NA,11,11,NA,NA,It works perfectly,NA,NA,NA,NA,"No, but they have poles or power lines",NA,No,NA,10,10,Yes,NA,NA,Yes,1-2 times in a term,3- This describes our school a little bit,3- This describes our school a little bit,"No, they need a library","No, they need a classroom block or building for their library","Yes, another organization or the government has given them some","Yes, EPI has helped them get access to clean water","No, this school needs more classrooms or an upgrade to their current buildings",Yes,NA,No,NA,NA,NA,NA,NA,NA,NA,NA,NA,NA,NA,NA,NA,NA,NA,NA,NA,NA,NA,2026-01-27
9/26/24 3:05,NA,NA,NA,NA,"Richard,Alex,Peace",NA,NA,NA,Attabui,NA,"Routine Program Evaluation,Project Update Visit",NA,500,200,17,64,20,NA,61,20,NA,N/A,N/A,NA,NA,It works perfectly,NA,NA,NA,NA,Yes,NA,NA,NA,NA,NA,NA,NA,NA,NA,3 or more times in a term,5- This describes our school,5- This describes our school,"Yes, EPI has given them a library",NA,"Yes, another organization or the government has given them some","Yes, another organization or the government has given them something to provide clean water","Yes, EPI has built enough classrooms for them to use",Yes,NA,Yes,NA,9,NA,NA,NA,NA,NA,NA,NA,NA,NA,No,NA,13/09/2024,NA,Yes,Yes,NA,NA,2024-09-26
9/25/24 4:05,NA,NA,NA,NA,"Richard,Alex,Peace",NA,NA,NA,Nyapienya,NA,"Routine Program Evaluation,Project Update Visit",NA,1500,190,10,31,15,NA,31,6,NA,N/A,N/A,NA,NA,It works perfectly,NA,NA,NA,NA,Yes,NA,No,NA,11,11,Yes,NA,NA,NA,3 or more times in a term,5- This describes our school,5- This describes our school,"Yes, EPI has given them a library",NA,"Yes, EPI has helped build some","No, this school needs a borehole or other clean water solution","No, this school needs more classrooms or an upgrade to their current buildings",Yes,NA,No,NA,NA,NA,NA,NA,NA,NA,NA,NA,NA,NA,NA,NA,NA,NA,NA,Yes,NA,NA,2024-09-25
9/25/24 7:12,NA,NA,NA,NA,"Richard,Alex,Peace",NA,NA,NA,Dedenya,NA,"Routine Program Evaluation,Project Update Visit",NA,4000,478,16,159,57,NA,165,42,NA,N/A,N/A,NA,NA,It works perfectly,NA,NA,NA,NA,Yes,NA,NA,NA,NA,NA,NA,NA,NA,NA,3 or more times in a term,5- This describes our school,5- This describes our school,"Yes, EPI has given them a library",NA,"Yes, EPI has helped build some","Yes, another organization or the government has given them something to provide clean water","Yes, they already had enough classrooms or another organization has provided them",Yes,NA,No,NA,NA,NA,NA,NA,NA,NA,NA,NA,NA,NA,NA,NA,NA,NA,NA,Yes,NA,NA,2024-09-25
9/26/24 4:10,NA,NA,NA,NA,"Richard,Alex,Peace",NA,NA,NA,Akwansu,NA,"Routine Program Evaluation,Project Update Visit",NA,NA,230,14,73,23,NA,53,14,NA,N/A,N/A,NA,NA,It works perfectly,NA,NA,NA,NA,No,NA,No,NA,10,10,Yes,NA,NA,NA,3 or more times in a term,5- This describes our school,5- This describes our school,"No, they need a library",Yes,"Yes, another organization or the government has given them some","Yes, EPI has helped them get access to clean water","Yes, they already had enough classrooms or another organization has provided them",Yes,NA,No,NA,NA,NA,NA,NA,NA,NA,NA,NA,NA,NA,NA,NA,NA,NA,NA,Yes,NA,NA,2024-09-26
9/26/24 5:01,NA,NA,NA,NA,"Richard,Alex",NA,NA,NA,Obosonu,NA,"Routine Program Evaluation,Project Update Visit",NA,1000,252,9,71,22,NA,61,23,NA,N/A,N/A,NA,NA,It works perfectly,NA,NA,NA,NA,No,NA,No,NA,21,21,Yes,NA,NA,NA,3 or more times in a term,5- This describes our school,5- This describes our school,"Yes, EPI has given them a library",NA,"Yes, EPI has helped build some","Yes, another organization or the government has given them something to provide clean water","Yes, they already had enough classrooms or another organization has provided them",Yes,NA,Yes,NA,10,NA,NA,NA,NA,NA,NA,NA,NA,NA,No,NA,04/06/2024,NA,Yes,Yes,NA,NA,2024-09-26
9/26/24 2:15,NA,NA,NA,NA,"Richard,Alex,Peace",NA,NA,NA,Adenya,NA,"Routine Program Evaluation,Project Update Visit",NA,300,75,8,20,16,NA,24,16,NA,N/A,N/A,NA,NA,It works perfectly,NA,NA,NA,NA,No,NA,No,NA,7,7,Yes,NA,NA,NA,3 or more times in a term,5- This describes our school,5- This describes our school,"Yes, EPI has given them a library",NA,"Yes, another organization or the government has given them some","No, this school needs a borehole or other clean water solution","Yes, they already had enough classrooms or another organization has provided them",Yes,NA,No,NA,NA,NA,NA,NA,NA,NA,NA,NA,NA,NA,NA,NA,NA,NA,NA,Yes,NA,NA,2024-09-26
9/25/24 6:34,NA,NA,NA,NA,"Richard,Alex,Peace",NA,NA,NA,Mampong Shai,NA,"Routine Program Evaluation,Project Update Visit",NA,NA,400,14,134,28,NA,102,40,NA,N/A,N/A,NA,NA,It works perfectly,NA,NA,NA,NA,Yes,NA,NA,NA,NA,NA,NA,NA,NA,NA,3 or more times in a term,5- This describes our school,5- This describes our school,"Yes, EPI has given them a library",NA,"No, this school needs a toilet","No, this school needs a borehole or other clean water solution","No, this school needs more classrooms or an upgrade to their current buildings",Yes,NA,No,NA,NA,NA,NA,NA,NA,NA,NA,NA,NA,NA,NA,NA,NA,NA,NA,Yes,NA,NA,2024-09-25
9/27/24 5:43,NA,NA,NA,NA,"Richard,Peace",NA,NA,NA,Anamenampa,NA,"Routine Program Evaluation,Project Update Visit",NA,500,130,14,38,10,NA,29,7,NA,N/A,N/A,NA,NA,It works perfectly,NA,NA,NA,NA,No,NA,No,NA,22,22,Yes,NA,NA,NA,3 or more times in a term,5- This describes our school,5- This describes our school,"No, they need a library","No, they need a classroom block or building for their library","No, this school needs a toilet","No, this school needs a borehole or other clean water solution","No, this school needs more classrooms or an upgrade to their current buildings",Yes,NA,No,NA,NA,NA,NA,NA,NA,NA,NA,NA,NA,NA,NA,NA,NA,NA,NA,Yes,NA,NA,2024-09-27
9/16/24 3:02,NA,NA,NA,NA,Other,NA,NA,NA,Amuyaokope,NA,"Routine Program Evaluation,Project Update Visit",NA,262,5,15,0,30,NA,83,30,NA,Not yet,Not yet,NA,NA,It works perfectly,NA,NA,NA,NA,Yes,NA,NA,NA,NA,NA,NA,NA,NA,NA,1-2 times in a term,5- This describes our school,5- This describes our school,"No, they need a library",Yes,"Yes, another organization or the government has given them some","Yes, another organization or the government has given them something to provide clean water","Yes, they already had enough classrooms or another organization has provided them",Yes,NA,Yes,NA,10,NA,NA,NA,NA,NA,NA,NA,NA,NA,No,NA,26/07/2024,NA,Yes,Yes,NA,NA,2024-09-16
9/16/24 4:07,NA,NA,NA,NA,NA,NA,NA,NA,Luta,NA,"Routine Program Evaluation,Project Update Visit",NA,350,141,11,71,16,NA,19,16,NA,Not yet,Not yet,NA,NA,It works perfectly,NA,NA,NA,NA,Yes,NA,NA,NA,NA,NA,NA,NA,NA,NA,3 or more times in a term,5- This describes our school,5- This describes our school,"No, they need a library",Yes,"Yes, another organization or the government has given them some","Yes, another organization or the government has given them something to provide clean water","Yes, they already had enough classrooms or another organization has provided them",Yes,NA,Yes,NA,10,NA,NA,NA,NA,NA,NA,NA,NA,NA,No,NA,20/11/2023,NA,Yes,Yes,NA,NA,2024-09-16
9/16/24 5:48,NA,NA,NA,NA,NA,NA,NA,NA,Madavunu,NA,"Routine Program Evaluation,Project Update Visit",NA,500,206,11,47,16,NA,68,16,NA,Not yet,Not yet,NA,NA,It works perfectly,NA,NA,NA,NA,Yes,NA,No,NA,16,16,Yes,NA,NA,NA,3 or more times in a term,5- This describes our school,5- This describes our school,"No, they need a library",Yes,"No, this school needs a toilet","Yes, another organization or the government has given them something to provide clean water","Yes, they already had enough classrooms or another organization has provided them",Yes,NA,No,NA,NA,NA,NA,NA,NA,NA,NA,NA,NA,NA,NA,NA,NA,NA,NA,Yes,NA,NA,2024-09-16
9/16/24 6:30,NA,NA,NA,NA,NA,NA,NA,NA,Terhey,NA,"Routine Program Evaluation,Project Update Visit",NA,215,140,5,49,2,NA,24,2,NA,Not yet,Not yet,NA,NA,It works perfectly,NA,NA,NA,NA,Yes,NA,No,NA,12,12,Yes,NA,NA,NA,3 or more times in a term,5- This describes our school,5- This describes our school,"No, they need a library",Yes,"Yes, another organization or the government has given them some","Yes, another organization or the government has given them something to provide clean water","Yes, EPI has built enough classrooms for them to use",Yes,NA,No,NA,NA,NA,NA,NA,NA,NA,NA,NA,NA,NA,NA,NA,NA,NA,NA,Yes,NA,NA,2024-09-16
9/17/24 3:19,NA,NA,NA,NA,"Isaac,Richard,Peace",NA,NA,NA,Azizakpem,NA,"Routine Program Evaluation,Project Update Visit",NA,NA,56,4,24,0,NA,0,0,NA,0,0,NA,NA,They don't have one,NA,NA,NA,NA,No,NA,NA,NA,NA,NA,NA,NA,NA,NA,3 or more times in a term,5- This describes our school,5- This describes our school,"No, they need a library",Yes,"Yes, another organization or the government has given them some","No, this school needs a borehole or other clean water solution","No, this school needs more classrooms or an upgrade to their current buildings",No,NA,No,NA,NA,NA,NA,NA,NA,NA,NA,NA,NA,NA,NA,NA,NA,NA,NA,Yes,NA,NA,2024-09-17
9/17/24 4:18,NA,NA,NA,NA,"Isaac,Richard,Alex",NA,NA,NA,Alorkpem Island,NA,"Routine Program Evaluation,Project Update Visit",NA,1450,208,10,54,27,NA,67,23,NA,Not yet,Not yet,NA,NA,It works perfectly,NA,NA,NA,NA,No,NA,No,NA,30,30,Yes,NA,NA,NA,3 or more times in a term,5- This describes our school,5- This describes our school,"Yes, EPI has given them a library",NA,"Yes, another organization or the government has given them some","Yes, another organization or the government has given them something to provide clean water","Yes, they already had enough classrooms or another organization has provided them",Yes,NA,Yes,NA,10,NA,NA,NA,NA,NA,NA,NA,NA,NA,No,NA,27/02/2024,NA,Yes,Yes,NA,NA,2024-09-17
9/17/24 7:13,NA,NA,NA,NA,"Isaac,Richard,Peace",NA,NA,NA,Pediatorkope,NA,"Routine Program Evaluation,Project Update Visit",NA,2800,364,14,101,32,NA,97,38,NA,Not yet,Not yet,NA,NA,It works perfectly,NA,NA,NA,NA,No,NA,Yes,"Stolen,Broken",0,30,Yes,NA,NA,NA,3 or more times in a term,5- This describes our school,5- This describes our school,"No, they need a library",Yes,"Yes, another organization or the government has given them some","Yes, another organization or the government has given them something to provide clean water","Yes, they already had enough classrooms or another organization has provided them",Yes,NA,No,NA,NA,NA,NA,NA,NA,NA,NA,NA,NA,NA,NA,NA,NA,NA,NA,Yes,NA,NA,2024-09-17
9/18/24 3:53,NA,NA,NA,NA,"Isaac,Richard,Peace",NA,NA,NA,Minya,NA,"Routine Program Evaluation,Project Update Visit",NA,800,134,10,38,10,NA,31,10,NA,Not yet,Not yet,NA,NA,It works perfectly,NA,NA,NA,NA,Yes,NA,No,NA,12,12,Yes,NA,NA,NA,3 or more times in a term,5- This describes our school,5- This describes our school,"No, they need a library",Yes,"Yes, another organization or the government has given them some","Yes, EPI has helped them get access to clean water","Yes, EPI has built enough classrooms for them to use",Yes,NA,No,NA,NA,NA,NA,NA,NA,NA,NA,NA,NA,NA,NA,NA,NA,NA,NA,Yes,NA,NA,2024-09-18
10/1/24 2:33,NA,NA,NA,NA,"Alex,Peace",NA,NA,NA,Yorogo-Asorogobisi,NA,"Routine Program Evaluation,Project Update Visit",NA,700,130,19,35,12,NA,38,21,NA,N/A,N/A,NA,NA,It works perfectly,NA,NA,NA,NA,Yes,NA,NA,NA,NA,NA,NA,NA,NA,NA,3 or more times in a term,5- This describes our school,5- This describes our school,"No, they need a library",Yes,"No, this school needs a toilet","Yes, EPI has helped them get access to clean water","Yes, they already had enough classrooms or another organization has provided them",Yes,NA,Yes,NA,10,NA,NA,NA,NA,NA,NA,NA,NA,NA,No,NA,12/09/2024,NA,Yes,Yes,NA,NA,2024-10-01
10/1/24 4:34,NA,NA,NA,NA,"Alex, Richard, Peace",NA,NA,NA,Akyeremanteng,NA,"Routine Program Evaluation,Project Update Visit",NA,800,116,10,33,9,NA,25,14,NA,N/A,N/A,NA,NA,It works perfectly,NA,NA,NA,NA,No,NA,No,NA,5,5,Yes,NA,NA,NA,3 or more times in a term,5- This describes our school,5- This describes our school,"No, they need a library",Yes,"No, this school needs a toilet","No, this school needs a borehole or other clean water solution","Yes, they already had enough classrooms or another organization has provided them",Yes,NA,No,NA,NA,NA,NA,NA,NA,NA,NA,NA,NA,NA,NA,NA,NA,NA,NA,Yes,NA,NA,2024-10-01
10/1/24 6:11,NA,NA,NA,NA,"Richard, Alex",NA,NA,NA,Yonguase,NA,"Routine Program Evaluation,Project Update Visit",NA,1000,158,5,48,10,NA,33,7,NA,N/A,N/A,NA,NA,It works perfectly,NA,NA,NA,NA,No,NA,No,NA,17,17,Yes,NA,NA,NA,3 or more times in a term,5- This describes our school,5- This describes our school,"Yes, EPI has given them a library",NA,"Yes, EPI has helped build some","No, this school needs a borehole or other clean water solution","Yes, they already had enough classrooms or another organization has provided them",Yes,NA,No,NA,NA,NA,NA,NA,NA,NA,NA,NA,NA,NA,NA,NA,NA,NA,NA,Yes,NA,NA,2024-10-01
10/2/24 3:28,NA,NA,NA,NA,"Richard, Peace",NA,NA,NA,Obelemanya,NA,"Routine Program Evaluation,Project Update Visit",NA,550,59,5,16,8,NA,24,3,NA,N/A,N/A,NA,NA,It works perfectly,NA,NA,NA,NA,Yes,NA,No,NA,6,6,Yes,NA,NA,NA,1-2 times in a term,5- This describes our school,5- This describes our school,"No, they need a library",Yes,"Yes, another organization or the government has given them some","No, this school needs a borehole or other clean water solution","Yes, they already had enough classrooms or another organization has provided them",No,NA,No,NA,NA,NA,NA,NA,NA,NA,NA,NA,NA,NA,NA,NA,NA,NA,NA,Yes,NA,NA,2024-10-02
10/2/24 6:35,NA,NA,NA,NA,"Richard, Alex",NA,NA,NA,Tsledom,NA,"Routine Program Evaluation,Project Update Visit",NA,500,130,6,27,6,NA,20,0,NA,N/A,N/A,NA,NA,It works perfectly,NA,NA,NA,NA,No,NA,No,NA,18,18,Yes,NA,NA,NA,1-2 times in a term,5- This describes our school,5- This describes our school,"No, they need a library",Yes,"No, this school needs a toilet","Yes, another organization or the government has given them something to provide clean water","Yes, they already had enough classrooms or another organization has provided them",Yes,NA,No,NA,NA,NA,NA,NA,NA,NA,NA,NA,NA,NA,NA,NA,NA,NA,NA,Yes,NA,NA,2024-10-02
10/7/24 4:18,NA,NA,NA,NA,"Richard, Alex",NA,NA,NA,Old Konkompe,NA,"Routine Program Evaluation,Project Update Visit",NA,2000,297,12,165,25,NA,65,12,NA,N/A,N/A,NA,NA,There is another part broken (please specify):,NA,NA,NA,NA,Yes,NA,No,NA,8,10,Yes,NA,NA,NA,3 or more times in a term,5- This describes our school,5- This describes our school,"No, they need a library",Yes,"Yes, another organization or the government has given them some","Yes, another organization or the government has given them something to provide clean water","Yes, EPI has built enough classrooms for them to use",Yes,NA,No,NA,NA,NA,NA,NA,NA,NA,NA,NA,NA,NA,NA,NA,NA,NA,NA,Yes,NA,NA,2024-10-07
10/7/24 5:09,NA,NA,NA,NA,"Richard, Alex",NA,NA,NA,Watro (Watroso),NA,"Routine Program Evaluation,Project Update Visit",NA,1500,262,15,57,22,NA,40,11,NA,N/A,N/A,NA,NA,They don't have one,NA,NA,NA,NA,Yes,NA,NA,NA,NA,NA,NA,NA,NA,NA,3 or more times in a term,5- This describes our school,5- This describes our school,"No, they need a library",Yes,"Yes, another organization or the government has given them some","Yes, EPI has helped them get access to clean water","Yes, EPI has built enough classrooms for them to use",Yes,NA,No,NA,NA,NA,NA,NA,NA,NA,NA,NA,NA,NA,NA,NA,NA,NA,NA,Yes,NA,NA,2024-10-07
10/7/24 6:28,NA,NA,NA,NA,"Richard, Peace",NA,NA,NA,Nwowom,NA,"Routine Program Evaluation,Project Update Visit",NA,NA,62,11,15,N/A,NA,N/A,NA,NA,NA,NA,1-2 km,NA,It works perfectly,NA,NA,NA,NA,No,NA,NA,NA,NA,NA,NA,NA,NA,NA,3 or more times in a term,5- This describes our school,5- This describes our school,"No, they need a library","No, they need a classroom block or building for their library","Yes, EPI has helped build some","No, this school needs a borehole or other clean water solution","No, this school needs more classrooms or an upgrade to their current buildings",Yes,NA,No,NA,NA,NA,NA,NA,NA,NA,NA,NA,NA,NA,NA,NA,NA,NA,NA,"No, they do not need anything or they need to work on their lantern program more.",NA,NA,2024-10-07
10/9/24 2:04,NA,NA,NA,NA,"Richard, Alex",NA,NA,NA,Nwawasua MA,NA,"Routine Program Evaluation,Project Update Visit",NA,1500,550,30,131,42,NA,109,24,NA,N/A,N/A,NA,NA,"It has trouble spinning, need to be fixed",NA,NA,NA,NA,Yes,NA,NA,NA,NA,NA,NA,NA,NA,NA,3 or more times in a term,5- This describes our school,1- This does not describe our school,"Yes, EPI has given them a library",NA,"Yes, another organization or the government has given them some","Yes, another organization or the government has given them something to provide clean water","Yes, they already had enough classrooms or another organization has provided them",Yes,NA,"They have computers, but not from us.",NA,NA,NA,NA,NA,NA,NA,NA,NA,NA,NA,NA,NA,NA,NA,NA,Yes,NA,NA,2024-10-09
10/9/24 3:04,NA,NA,NA,NA,"Richard, Alex",NA,NA,NA,Kurasua #1 MA,NA,"Routine Program Evaluation,Project Update Visit",NA,500,240,11,52,21,NA,60,16,NA,N/A,N/A,NA,NA,It works perfectly,NA,NA,NA,NA,Yes,NA,Yes,Broken,16,23,Yes,NA,NA,NA,3 or more times in a term,5- This describes our school,5- This describes our school,"Yes, EPI has given them a library",NA,"No, this school needs a toilet","Yes, another organization or the government has given them something to provide clean water","No, this school needs more classrooms or an upgrade to their current buildings",Yes,NA,No,NA,NA,NA,NA,NA,NA,NA,NA,NA,NA,NA,NA,NA,NA,NA,NA,Yes,NA,NA,2024-10-09
10/15/24 2:31,NA,NA,NA,NA,"Richard, Alex",NA,NA,NA,Wurudu Wurudu,NA,"Routine Program Evaluation,Project Update Visit",NA,1200,175,11,52,12,NA,33,14,NA,N/A,N/A,NA,NA,They don't have one,NA,NA,NA,NA,Yes,NA,NA,NA,NA,NA,NA,NA,NA,NA,3 or more times in a term,5- This describes our school,5- This describes our school,"Yes, EPI has given them a library",NA,"Yes, EPI has helped build some","Yes, EPI has helped them get access to clean water","Yes, EPI has built enough classrooms for them to use",Yes,NA,Yes,NA,8,NA,NA,NA,NA,NA,NA,NA,NA,NA,Yes,1 it not booting properly,06-06-2024,NA,Yes,Yes,NA,NA,2024-10-15
10/15/24 3:36,NA,NA,NA,NA,"Richard, Alex",NA,NA,NA,Fawotrikosie,NA,"Routine Program Evaluation,Project Update Visit",NA,600,135,7,41,11,NA,35,8,NA,N/A,N/A,NA,NA,It works perfectly,NA,NA,NA,NA,Yes,NA,NA,NA,NA,NA,NA,NA,NA,NA,3 or more times in a term,5- This describes our school,5- This describes our school,"Yes, EPI has given them a library",NA,"Yes, another organization or the government has given them some","Yes, EPI has helped them get access to clean water","Yes, EPI has built enough classrooms for them to use",Yes,NA,Yes,NA,10,NA,NA,NA,NA,NA,NA,NA,NA,NA,No,NA,04-07-2024,NA,Yes,Yes,NA,NA,2024-10-15
11/4/24 4:42,NA,NA,NA,NA,"Richard, Isaac, Alex, Peace, National Service Personel",NA,NA,NA,Wenamda,NA,"Routine Program Evaluation,Project Update Visit",NA,760,369,20,117,25,NA,73,23,NA,21,N/A,NA,NA,It works perfectly,NA,NA,NA,NA,No,NA,Yes,Broken,6,14,Yes,NA,NA,NA,3 or more times in a term,5- This describes our school,5- This describes our school,"No, they need a library",Yes,"No, this school needs a toilet","Yes, another organization or the government has given them something to provide clean water","Yes, EPI has built enough classrooms for them to use",Yes,NA,No,NA,NA,NA,NA,NA,NA,NA,NA,NA,NA,NA,NA,NA,NA,NA,NA,NA,NA,NA,2024-11-04
11/7/24 23:34,NA,NA,NA,NA,"Alex, Peace",NA,NA,NA,Mamakrom,NA,"Routine Program Evaluation,Project Update Visit",NA,1000,323,14,100,27,NA,62,14,NA,N/A,N/A,NA,NA,It works perfectly,NA,NA,NA,NA,Other,NA,Yes,Broken,12,16,Yes,NA,NA,NA,3 or more times in a term,5- This describes our school,5- This describes our school,"Yes, another organization or the government has given them a library",NA,"Yes, another organization or the government has given them some","Yes, another organization or the government has given them something to provide clean water","Yes, they already had enough classrooms or another organization has provided them",Yes,NA,"They have computers, but they're from a different NGO",NA,NA,NA,NA,NA,NA,NA,NA,NA,NA,NA,NA,NA,NA,NA,NA,NA,NA,NA,2024-11-07
11/13/24 2:18,NA,NA,NA,NA,"Alex, Richard",NA,NA,NA,Wekpeti Abresu,NA,"Routine Program Evaluation,Project Update Visit",NA,600,267,13,51,18,NA,50,22,NA,20,20,NA,NA,It works perfectly,NA,NA,NA,NA,Yes,NA,NA,NA,NA,NA,NA,NA,NA,NA,3 or more times in a term,5- This describes our school,5- This describes our school,"No, they need a library",Yes,"Yes, EPI has helped build some","Yes, another organization or the government has given them something to provide clean water","No, this school needs more classrooms or an upgrade to their current buildings",Yes,NA,No,NA,NA,NA,NA,NA,NA,NA,NA,NA,NA,NA,NA,NA,NA,NA,NA,NA,NA,NA,2024-11-13
11/13/24 7:17,NA,NA,NA,NA,"Alex, Richard",NA,NA,NA,Bepotumtum,NA,"Routine Program Evaluation,Project Update Visit",NA,1500,145,7,41,16,NA,36,5,NA,15,4,NA,NA,It works perfectly,NA,NA,NA,NA,Yes,NA,NA,NA,NA,NA,NA,NA,NA,NA,3 or more times in a term,5- This describes our school,5- This describes our school,"Yes, EPI has given them a library",NA,"No, this school needs a toilet","Yes, EPI has helped them get access to clean water","Yes, they already had enough classrooms or another organization has provided them",Yes,NA,Yes,NA,NA,NA,NA,NA,NA,NA,NA,NA,NA,NA,NA,NA,NA,NA,NA,NA,NA,NA,2024-11-13
11/13/24 2:47,NA,NA,NA,NA,"Alex, Richard",NA,NA,NA,Ekorso Akwadum,NA,"Routine Program Evaluation,Project Update Visit",NA,1210,187,9,61,27,NA,66,20,NA,14,18,NA,NA,It works perfectly,NA,NA,NA,NA,Yes,NA,NA,NA,NA,NA,NA,NA,NA,NA,3 or more times in a term,5- This describes our school,5- This describes our school,"Yes, EPI has given them a library",NA,"Yes, another organization or the government has given them some","Yes, another organization or the government has given them something to provide clean water","Yes, they already had enough classrooms or another organization has provided them",Yes,NA,Yes,NA,NA,NA,NA,NA,NA,NA,NA,NA,NA,NA,NA,NA,NA,NA,NA,NA,NA,NA,2024-11-13
11/13/24 4:55,NA,NA,NA,NA,"Alex, Peace",NA,NA,NA,Abrenya,NA,"Routine Program Evaluation,Project Update Visit",NA,350,98,11,35,11,NA,33,10,NA,24,10,NA,NA,It works perfectly,NA,NA,NA,NA,Yes,NA,No,NA,11,11,Yes,NA,NA,NA,3 or more times in a term,5- This describes our school,5- This describes our school,"Yes, EPI has given them a library",NA,"No, this school needs a toilet","Yes, EPI has helped them get access to clean water","Yes, EPI has built enough classrooms for them to use",Yes,NA,No,NA,NA,NA,NA,NA,NA,NA,NA,NA,NA,NA,NA,NA,NA,NA,NA,NA,NA,NA,2024-11-13
11/20/24 7:15,NA,NA,NA,NA,"Richard, Isaac",NA,NA,NA,Nyariga Girls' School,NA,"Routine Program Evaluation,Project Update Visit",NA,600,450,10,200,55,NA,135,27,NA,N/A,N/A,NA,NA,It works perfectly,NA,NA,NA,NA,Yes,NA,Yes,Broken,3,10,Yes,NA,NA,NA,3 or more times in a term,5- This describes our school,5- This describes our school,"No, they need a library",Yes,"Yes, another organization or the government has given them some","Yes, another organization or the government has given them something to provide clean water","No, this school needs more classrooms or an upgrade to their current buildings",Yes,NA,No,NA,NA,NA,NA,NA,NA,NA,NA,NA,NA,NA,NA,NA,NA,NA,NA,NA,NA,NA,2024-11-20
11/14/24 2:18,NA,NA,NA,NA,"Alex, Richard",NA,NA,NA,Ntomem,NA,"Routine Program Evaluation,Project Update Visit",NA,NA,569,18,140,67,NA,158,44,NA,22,N/A,NA,NA,It works perfectly,NA,NA,NA,NA,No,NA,Yes,Broken,14,15,Yes,NA,NA,NA,3 or more times in a term,5- This describes our school,5- This describes our school,"No, they need a library",Yes,"Yes, another organization or the government has given them some","No, this school needs a borehole or other clean water solution","Yes, they already had enough classrooms or another organization has provided them",Yes,NA,No,NA,NA,NA,NA,NA,NA,NA,NA,NA,NA,NA,NA,NA,NA,NA,NA,NA,NA,NA,2024-11-14
11/25/24 5:18,NA,NA,NA,NA,"Alex, Richard",NA,NA,NA,Zippo Nyuinyui,NA,"Routine Program Evaluation,Project Update Visit",NA,600,275,9,88,29,NA,66,5,NA,22,5,NA,NA,It works perfectly,NA,NA,NA,NA,No,NA,No,NA,20,20,Yes,NA,NA,NA,3 or more times in a term,5- This describes our school,5- This describes our school,"No, they need a library",Yes,"Yes, EPI has helped build some","Yes, another organization or the government has given them something to provide clean water","No, this school needs more classrooms or an upgrade to their current buildings",Yes,NA,No,NA,NA,NA,NA,NA,NA,NA,NA,NA,NA,NA,NA,NA,NA,NA,NA,NA,NA,NA,2024-11-25
11/25/24 2:28,NA,NA,NA,NA,"Alex, Richard",NA,NA,NA,Ador Kope R/C Primary,NA,"Routine Program Evaluation,Project Update Visit",NA,600,186,6,49,15,NA,30,7,NA,11,7,NA,NA,It works perfectly,NA,NA,NA,NA,No,NA,No,NA,20,20,Yes,NA,NA,NA,3 or more times in a term,5- This describes our school,5- This describes our school,"No, they need a library",Yes,"Yes, EPI has helped build some","Yes, another organization or the government has given them something to provide clean water","No, this school needs more classrooms or an upgrade to their current buildings",Yes,NA,No,NA,NA,NA,NA,NA,NA,NA,NA,NA,NA,NA,NA,NA,NA,NA,NA,NA,NA,NA,2024-11-25
11/20/24 7:45,NA,NA,NA,NA,Alex,NA,NA,NA,Ataampuutum A/B,NA,"Routine Program Evaluation,Project Update Visit",NA,700,271,9,101,33,NA,83,13,NA,N/A,13,NA,NA,It works perfectly,NA,NA,NA,NA,Yes,NA,NA,NA,NA,NA,NA,NA,NA,NA,3 or more times in a term,5- This describes our school,5- This describes our school,"No, they need a library",Yes,"No, this school needs a toilet","No, this school needs a borehole or other clean water solution","No, this school needs more classrooms or an upgrade to their current buildings",Yes,NA,No,NA,NA,NA,NA,NA,NA,NA,NA,NA,NA,NA,NA,NA,NA,NA,NA,NA,NA,NA,2024-11-20
12/30/24 14:11,NA,NA,NA,NA,"Isaac,Richard,Alex,Peace",NA,NA,NA,Galalia,NA,"Routine Program Evaluation,Surveyor Team Visit,Project Update Visit",NA,2500,300,7,125,0,NA,0,0,NA,0,0,NA,NA,It works perfectly,NA,NA,NA,NA,No,NA,Eastern,Upper manya,NA,2501,"Routine Program Evaluation,Surveyor Team Visit,Project Update Visit",NA,NA,NA,1-2 times in a term,3- This describes our school a little bit,3- This describes our school a little bit,NA,-80.46428571,-110.3452381,-140.2261905,-170.1071429,-199.9880952,NA,-259.75,-289.6309524,1.175824176,NA,NA,NA,NA,NA,NA,NA,NA,NA,1.008791209,0.8417582418,0.6747252747,NA,0.5076923077,0.1736263736,NA,NA,2024-12-30
12/30/24 14:29,NA,NA,NA,NA,"Isaac,Richard,Alex,Peace",NA,NA,NA,Kpala Government,NA,"Routine Program Evaluation,Surveyor Team Visit,Project Update Visit",NA,960,205,8,109,0,NA,0,0,NA,0,0,NA,NA,"The merry go round works well, but the charging station and solar panels have problems",NA,NA,NA,NA,No,NA,Eastern,Afram Plains,NA,961,"Routine Program Evaluation,Surveyor Team Visit,Project Update Visit",NA,NA,NA,1-2 times in a term,1- This does not describe our school,1- This does not describe our school,NA,-56.28571429,-77.73809524,-99.19047619,-120.6428571,-142.0952381,NA,-185,-206.452381,1.230769231,NA,NA,NA,NA,NA,NA,NA,NA,NA,1.09010989,0.9494505495,0.8087912088,NA,0.6681318681,0.3868131868,NA,NA,2024-12-30
12/30/24 14:34,NA,NA,NA,NA,"Isaac,Richard,Alex,Peace",NA,NA,NA,Kpala Private,NA,"Routine Program Evaluation,Surveyor Team Visit,Project Update Visit",NA,NA,56,4,40,0,NA,0,0,NA,0,0,NA,NA,"The merry go round works well, but the charging station and solar panels have problems",NA,NA,NA,NA,No,NA,Eastern,Afram plains,NA,NA,"Routine Program Evaluation,Surveyor Team Visit,Project Update Visit",NA,NA,NA,They don't use them,1- This does not describe our school,1- This does not describe our school,NA,-16,-22.33333333,-28.66666667,-35,-41.33333333,NA,-54,-60.33333333,0,NA,NA,NA,NA,NA,NA,NA,NA,NA,-0.5714285714,-1.142857143,-1.714285714,NA,-2.285714286,-3.428571429,NA,NA,2024-12-30
12/30/24 14:37,NA,NA,NA,NA,"Isaac,Richard,Alex,Peace",NA,NA,NA,Essam,NA,"Routine Program Evaluation,Surveyor Team Visit,Project Update Visit",NA,NA,45,4,0,0,NA,0,0,NA,0,0,NA,NA,It works perfectly,NA,NA,NA,NA,Yes,NA,Eastern,0da,NA,NA,"Routine Program Evaluation,Surveyor Team Visit,Project Update Visit",NA,NA,NA,They don't use them,1- This does not describe our school,1- This does not describe our school,NA,-11.82142857,-15.80952381,-19.79761905,-23.78571429,-27.77380952,NA,-35.75,-39.73809524,1.230769231,NA,NA,NA,NA,NA,NA,NA,NA,NA,1.09010989,0.9494505495,0.8087912088,NA,0.6681318681,0.3868131868,NA,NA,2024-12-30
12/30/24 14:42,NA,NA,NA,NA,"Isaac,Richard,Alex,Peace",NA,NA,NA,Other:,NA,"Routine Program Evaluation,Surveyor Team Visit,Project Update Visit",NA,890,276,7,154,17,NA,34,12,NA,21,NA,NA,NA,It works perfectly,NA,NA,NA,NA,No,NA,Bono Region,Sekyere Kumawu,NA,891,"Routine Program Evaluation,Surveyor Team Visit,Project Update Visit",NA,NA,NA,1-2 times in a term,3- This describes our school a little bit,3- This describes our school a little bit,NA,-54.26666667,-93.58095238,-132.8952381,-172.2095238,-211.5238095,NA,NA,22,1.230769231,NA,NA,NA,NA,NA,NA,NA,NA,NA,1.09010989,0.9494505495,0.8087912088,NA,0.6681318681,0.3868131868,NA,NA,2024-12-30
12/30/24 14:46,NA,NA,NA,NA,"Isaac,Richard,Alex,Peace",NA,NA,NA,Other:,NA,"Routine Program Evaluation,Surveyor Team Visit,Project Update Visit",NA,NA,243,8,124,32,NA,45,8,NA,23,8,NA,NA,It works perfectly,NA,NA,NA,NA,No,NA,Ashanti,Sekyere Kumawu,NA,NA,"Routine Program Evaluation,Surveyor Team Visit,Project Update Visit",NA,NA,NA,1-2 times in a term,1- This does not describe our school,1- This does not describe our school,NA,-39.07142857,-61.39285714,-83.71428571,-106.0357143,-128.3571429,NA,-173,-195.3214286,1.230769231,NA,NA,NA,NA,NA,NA,NA,NA,NA,1.09010989,0.9494505495,0.8087912088,NA,0.6681318681,0.3868131868,NA,NA,2024-12-30
1/8/25 3:59,NA,NA,NA,NA,Alex,NA,NA,NA,Afransua Dedewa MA Primary,NA,"MGR Maintenance,Routine Program Evaluation",NA,800,270,16,68,15,NA,51,15,NA,16,12,NA,NA,It works perfectly,NA,NA,NA,NA,Yes,NA,NA,NA,NA,NA,NA,NA,NA,NA,3 or more times in a term,5- This describes our school,5- This describes our school,"No, they need a library",Yes,"Yes, another organization or the government has given them some","Yes, EPI has helped them get access to clean water","Yes, EPI has built enough classrooms for them to use",Yes,NA,Yes,NA,NA,NA,NA,NA,NA,NA,NA,NA,NA,NA,NA,NA,NA,NA,NA,NA,NA,NA,2025-01-08
1/9/25 2:35,NA,NA,NA,NA,Alex,NA,NA,NA,Anamenampa,NA,"MGR Maintenance,Routine Program Evaluation",NA,600,161,14,41,8,NA,29,7,NA,26,6,NA,NA,It works perfectly,NA,NA,NA,NA,No,NA,No,NA,20,20,Yes,NA,NA,NA,3 or more times in a term,5- This describes our school,5- This describes our school,"No, they need a library","No, they need a classroom block or building for their library","Yes, another organization or the government has given them some","Yes, another organization or the government has given them something to provide clean water","No, this school needs more classrooms or an upgrade to their current buildings",Yes,NA,No,NA,NA,NA,NA,NA,NA,NA,NA,NA,NA,NA,NA,NA,NA,NA,NA,NA,NA,NA,2025-01-09
1/13/25 1:53,NA,NA,NA,NA,Alex,NA,NA,NA,Nyapienya,NA,"MGR Maintenance,Routine Program Evaluation",NA,600,180,10,53,10,NA,34,8,NA,22,8,NA,NA,It works perfectly,NA,NA,NA,NA,No,NA,No,NA,14,14,Yes,NA,NA,NA,3 or more times in a term,5- This describes our school,5- This describes our school,"Yes, EPI has given them a library",NA,"Yes, another organization or the government has given them some","Yes, another organization or the government has given them something to provide clean water","Yes, EPI has built enough classrooms for them to use",Yes,NA,No,NA,NA,NA,NA,NA,NA,NA,NA,NA,NA,NA,NA,NA,NA,NA,NA,NA,NA,NA,2025-01-13
1/13/25 5:40,NA,NA,NA,NA,Alex,NA,NA,NA,Minya,NA,"MGR Maintenance,Routine Program Evaluation",NA,600,122,12,31,7,NA,29,10,NA,16,9,NA,NA,It works perfectly,NA,NA,NA,NA,No,NA,Yes,Stolen,NA,12,Yes,NA,NA,NA,3 or more times in a term,5- This describes our school,5- This describes our school,"No, they need a library",Yes,"Yes, another organization or the government has given them some","Yes, another organization or the government has given them something to provide clean water","Yes, EPI has built enough classrooms for them to use",Yes,NA,No,NA,NA,NA,NA,NA,NA,NA,NA,NA,NA,NA,NA,NA,NA,NA,NA,NA,NA,NA,2025-01-13
1/15/25 2:48,NA,R_l3bwYci9m05Upiv,5.797861,0.654184,Alex,NA,NA,NA,Alorkpem Island,NA,"MGR Maintenance,Routine Program Evaluation",NA,892,192,10,88,30,NA,62,22,NA,21,17,NA,NA,It works perfectly,NA,NA,NA,NA,Yes,NA,NA,NA,NA,NA,NA,NA,NA,NA,3 or more times in a term,5- This describes our school,5- This describes our school,"No, they need a library",Yes,"Yes, another organization or the government has given them some","Yes, another organization or the government has given them something to provide clean water","Yes, they already had enough classrooms or another organization has provided them",Yes,NA,Yes,NA,NA,NA,NA,NA,NA,NA,NA,NA,NA,NA,NA,NA,NA,NA,NA,NA,NA,NA,2025-01-15
1/15/25 3:40,NA,NA,NA,NA,"Alex, Peace",NA,NA,NA,Pediatorkope,NA,"MGR Maintenance,Routine Program Evaluation",NA,1200,315,14,83,37,NA,93,38,NA,27,29,NA,NA,It works perfectly,NA,NA,NA,NA,Yes,NA,No,NA,10,10,Yes,NA,NA,NA,3 or more times in a term,5- This describes our school,5- This describes our school,"No, they need a library",Yes,"Yes, another organization or the government has given them some","Yes, another organization or the government has given them something to provide clean water","Yes, they already had enough classrooms or another organization has provided them",Yes,NA,No,NA,NA,NA,NA,NA,NA,NA,NA,NA,NA,NA,NA,NA,NA,NA,NA,NA,NA,NA,2025-01-15
1/16/25 2:29,NA,NA,NA,NA,"Alex, Peace",NA,NA,NA,Bomigo,NA,"MGR Maintenance,Routine Program Evaluation",NA,700,130,5,37,17,NA,36,11,NA,41,2,NA,NA,It works perfectly,NA,NA,NA,NA,No,NA,No,NA,14,17,Yes,NA,NA,NA,3 or more times in a term,5- This describes our school,5- This describes our school,"No, they need a library",Yes,"Yes, another organization or the government has given them some","Yes, another organization or the government has given them something to provide clean water","Yes, they already had enough classrooms or another organization has provided them",Yes,NA,"They have computers, but they're from a different NGO",NA,NA,NA,NA,NA,NA,NA,NA,NA,NA,NA,NA,NA,NA,NA,NA,NA,NA,NA,2025-01-16
1/20/25 4:30,NA,R_0h9UBx9EEImjeF8,5.897836,-0.27639,Alex,NA,NA,NA,Obosonu,NA,MGR Maintenance,NA,1050,233,9,42,23,NA,69,23,NA,23,18,NA,NA,It works perfectly,NA,NA,NA,NA,No,NA,No,NA,21,21,Yes,NA,NA,NA,3 or more times in a term,5- This describes our school,5- This describes our school,"No, they need a library",Yes,"Yes, another organization or the government has given them some","Yes, another organization or the government has given them something to provide clean water","Yes, they already had enough classrooms or another organization has provided them",Yes,NA,Yes,NA,NA,NA,NA,NA,NA,NA,NA,NA,NA,NA,NA,NA,NA,NA,NA,NA,NA,NA,2025-01-20
1/21/25 2:42,NA,NA,NA,NA,"Alex, Peace",NA,NA,NA,Dedenya,NA,"MGR Maintenance,Routine Program Evaluation,Project Update Visit",NA,1500,500,16,160,58,NA,155,40,NA,14,30,NA,NA,It works perfectly,NA,NA,NA,NA,Yes,NA,NA,NA,NA,NA,NA,NA,NA,NA,3 or more times in a term,5- This describes our school,5- This describes our school,"Yes, EPI has given them a library",NA,"Yes, another organization or the government has given them some","Yes, another organization or the government has given them something to provide clean water","Yes, they already had enough classrooms or another organization has provided them",Yes,NA,No,NA,NA,NA,NA,NA,NA,NA,NA,NA,NA,NA,NA,NA,NA,NA,NA,NA,NA,NA,2025-01-21
1/28/25 3:02,NA,NA,NA,NA,"Alex, Peace",NA,NA,NA,Amuyaokope,NA,"MGR Maintenance,Routine Program Evaluation",NA,600,296,14,81,NA,NA,36,30,NA,24,20,NA,NA,There is another part broken (please specify):,"3 legs broken, and is repaired","3 legs broken, and is repaired",NA,NA,Yes,NA,NA,NA,NA,NA,NA,NA,NA,NA,3 or more times in a term,5- This describes our school,5- This describes our school,"No, they need a library",Yes,"Yes, EPI has helped build some","Yes, EPI has helped them get access to clean water","Yes, EPI has built enough classrooms for them to use",Yes,NA,Yes,NA,NA,NA,NA,NA,NA,NA,NA,NA,NA,NA,NA,NA,NA,NA,NA,NA,NA,NA,2025-01-28
1/28/25 3:29,NA,NA,NA,NA,"Alex, Peace",NA,NA,NA,Luta,NA,"MGR Maintenance,Routine Program Evaluation",NA,500,130,13,28,22,NA,63,16,NA,20,12,NA,NA,It works perfectly,NA,NA,NA,NA,Yes,NA,NA,NA,NA,NA,NA,NA,NA,NA,3 or more times in a term,5- This describes our school,5- This describes our school,"No, they need a library",Yes,"Yes, another organization or the government has given them some","Yes, another organization or the government has given them something to provide clean water","Yes, they already had enough classrooms or another organization has provided them",Yes,NA,Yes,NA,NA,NA,NA,NA,NA,NA,NA,NA,NA,NA,NA,NA,NA,NA,NA,NA,NA,NA,2025-01-28
2/12/25 3:26,NA,NA,NA,NA,Richard,NA,NA,NA,Mobia,NA,"Routine Program Evaluation,Project Update Visit",NA,2080,176,1,23,0,NA,0,0,NA,0,0,NA,NA,It works perfectly,NA,NA,NA,NA,No,NA,No,NA,20,20,Yes,NA,NA,NA,1-2 times in a term,3- This describes our school a little bit,3- This describes our school a little bit,"No, they need a library","No, they need a classroom block or building for their library","Yes, EPI has helped build some","Yes, EPI has helped them get access to clean water","Yes, EPI has built enough classrooms for them to use",Yes,NA,No,NA,NA,NA,NA,NA,NA,NA,NA,NA,NA,NA,NA,NA,NA,NA,NA,NA,NA,NA,2025-02-12
2/20/25 2:31,NA,NA,NA,NA,"Richard, Alex, Peace",NA,NA,NA,Mansokwa,NA,"MGR Maintenance,Routine Program Evaluation,Project Update Visit",NA,600,123,11,37,12,NA,38,14,NA,30,10,NA,NA,"The merry go round works well, but the charging station and solar panels have problems",NA,NA,NA,NA,No,NA,No,NA,24,2,Yes,NA,NA,NA,3 or more times in a term,5- This describes our school,5- This describes our school,"No, they need a library","No, they need a classroom block or building for their library","Yes, another organization or the government has given them some","Yes, EPI has helped them get access to clean water","Yes, EPI has built enough classrooms for them to use",Other,NA,No,NA,NA,NA,NA,NA,NA,NA,NA,NA,NA,NA,NA,NA,NA,NA,NA,NA,NA,NA,2025-02-20
2/24/25 5:00,NA,NA,NA,NA,Isaac,NA,NA,NA,Akwanserem D/A Basic School,NA,"MGR Maintenance,Project Update Visit",NA,710,185,9,54,15,NA,31,0,NA,0,0,NA,NA,"It has trouble spinning, need to be fixed",NA,NA,NA,NA,No,NA,Yes,Broken,14,14,Yes,NA,NA,NA,1-2 times in a term,1- This does not describe our school,1- This does not describe our school,"No, they need a library","No, they need a classroom block or building for their library","No, this school needs a toilet","No, this school needs a borehole or other clean water solution","Yes, they already had enough classrooms or another organization has provided them",Yes,NA,No,NA,NA,NA,NA,NA,NA,NA,NA,NA,NA,NA,NA,NA,NA,NA,NA,NA,NA,NA,2025-02-24
4/2/25 7:24,NA,NA,NA,NA,Richard,NA,NA,NA,Essam,NA,"MGR Maintenance,Routine Program Evaluation,Project Update Visit",NA,1600,73,5,10,No,NA,No,No,NA,No,No,NA,NA,It works perfectly,NA,NA,NA,NA,Yes,NA,NA,NA,NA,NA,NA,NA,NA,NA,They don't use them,1- This does not describe our school,1- This does not describe our school,"Yes, another organization or the government has given them a library",NA,"Yes, another organization or the government has given them some","Yes, another organization or the government has given them something to provide clean water","Yes, they already had enough classrooms or another organization has provided them",No,NA,No,NA,NA,NA,NA,NA,NA,NA,NA,NA,NA,NA,NA,NA,NA,NA,NA,NA,NA,NA,2025-04-02
2022-10-06 6:55:46,538,R_9AdDl486XWDX3hu,6.538276,-0.605733,Richard,NA,NA,NA,Ntomem,NA,"MGR Maintenance,Routine Program Evaluation,Project Update Visit",NA,1500,800,15,122,34,NA,30,34,NA,20,30,NA,NA,NA,NA,NA,NA,NA,No,NA,No,NA,0,0,Yes,NA,NA,NA,Less than 1 time in a term,1- This does not describe our school,3- This describes our school a little bit,"No, they need a library",Yes,"Yes, another organization or the government has given them some","Yes, another organization or the government has given them something to provide clean water","No, this school needs more classrooms or an upgrade to their current buildings",Yes,NA,NA,NA,NA,NA,NA,NA,NA,NA,NA,NA,NA,NA,NA,NA,NA,NA,NA,Yes,NA,NA,2022-10-06
2023-03-02 4:07:11,559,R_cbLPk0m3Cx4jLs3,6.231194,-0.057426,Richard,NA,NA,NA,Yonguase,NA,"MGR Maintenance,Routine Program Evaluation,Surveyor Team Visit,Project Update Visit",NA,1900,190,7,40,14,NA,40,12,NA,31,8,NA,NA,NA,NA,NA,NA,NA,No,NA,Yes,0,10,10,Yes,NA,NA,NA,1-2 times in a term,5- This describes our school,5- This describes our school,"Yes, EPI has given them a library",NA,"Yes, another organization or the government has given them some","Yes, another organization or the government has given them something to provide clean water","Yes, they already had enough classrooms or another organization has provided them",Yes,NA,NA,NA,NA,NA,NA,NA,NA,NA,NA,NA,NA,NA,NA,NA,NA,NA,NA,Maybe in the future,NA,NA,2023-03-02
2023-02-20 5:42:50,428,R_dMEIu6VJqUTCZ0a,5.95849,-0.205793,Richard,NA,NA,NA,Attabui,NA,"Routine Program Evaluation,Surveyor Team Visit",NA,1200,228,18,72,28,NA,57,12,NA,13,Not yet. Still checking results,NA,NA,NA,NA,NA,NA,NA,Yes,NA,NA,NA,NA,NA,NA,NA,NA,NA,Less than 1 time in a term,1- This does not describe our school,1- This does not describe our school,"Yes, EPI has given them a library",NA,"Yes, another organization or the government has given them some","Yes, EPI has helped them get access to clean water","No, this school needs more classrooms or an upgrade to their current buildings",Yes,NA,NA,NA,NA,NA,NA,NA,NA,NA,NA,NA,NA,NA,NA,NA,NA,NA,NA,Yes,NA,NA,2023-02-20
2023-02-14 4:20:31,2987,R_i7FjpUdtuR7wpKl,6.326831,-0.677472,Richard,NA,NA,NA,Wekpeti Abresu,NA,"MGR Maintenance,Surveyor Team Visit,Project Update Visit",NA,1200,120,9,77,41,NA,41,41,NA,19,41,NA,NA,NA,NA,NA,NA,NA,"No, but they have poles or power lines",NA,No,NA,0,12,Yes,NA,NA,NA,1-2 times in a term,5- This describes our school,5- This describes our school,"Yes, another organization or the government has given them a library",NA,"Yes, another organization or the government has given them some","Yes, EPI has helped them get access to clean water","Yes, they already had enough classrooms or another organization has provided them",No,NA,NA,NA,NA,NA,NA,NA,NA,NA,NA,NA,NA,NA,NA,NA,NA,NA,NA,Maybe in the future,NA,NA,2023-02-14
2023-02-20 7:35:47,371,R_09WPQ7XEcunQmRd,5.919704,-0.161134,Richard,NA,NA,NA,Adenya,NA,"Routine Program Evaluation,Surveyor Team Visit",NA,400,84,10,27,5,NA,28,11,NA,Still checking results,NA,NA,NA,NA,NA,NA,NA,NA,Other,NA,Yes,5,16,14,Yes,NA,NA,NA,1-2 times in a term,3- This describes our school a little bit,3- This describes our school a little bit,"Yes, EPI has given them a library",NA,"Yes, another organization or the government has given them some","Yes, another organization or the government has given them something to provide clean water","Yes, they already had enough classrooms or another organization has provided them",Yes,NA,NA,NA,NA,NA,NA,NA,NA,NA,NA,NA,NA,NA,NA,NA,NA,NA,NA,Maybe in the future,NA,NA,2023-02-20
2023-02-20 4:26:41,717,R_dBq4xV90oYaSKyh,5.963754,-0.219562,Isaac,NA,NA,NA,Ntomem,NA,"MGR Maintenance,Surveyor Team Visit,Project Update Visit",NA,2100,596,10,66,32,NA,180,38,NA,24,N/A,NA,NA,NA,NA,NA,NA,NA,No,NA,No,NA,16,15,Yes,NA,NA,NA,1-2 times in a term,3- This describes our school a little bit,5- This describes our school,"No, they need a library",Yes,"Yes, another organization or the government has given them some","Yes, another organization or the government has given them something to provide clean water","No, this school needs more classrooms or an upgrade to their current buildings",Yes,NA,NA,NA,NA,NA,NA,NA,NA,NA,NA,NA,NA,NA,NA,NA,NA,NA,NA,Maybe in the future,NA,NA,2023-02-20
2023-02-15 4:21:09,653,R_gyO6WgI7MIP8R3f,6.372071,-1.063662,Richard,NA,NA,NA,Bepotumtum,NA,"Surveyor Team Visit,Project Update Visit",NA,980,149,7,25,10,NA,25,12,NA,21,N/A,NA,NA,NA,NA,NA,NA,NA,Yes,NA,Yes,8,5,3,Yes,NA,NA,NA,Less than 1 time in a term,3- This describes our school a little bit,3- This describes our school a little bit,"Yes, EPI has given them a library",NA,"Yes, another organization or the government has given them some","No, this school needs a borehole or other clean water solution","Yes, they already had enough classrooms or another organization has provided them",Yes,NA,NA,NA,NA,NA,NA,NA,NA,NA,NA,NA,NA,NA,NA,NA,NA,NA,NA,Yes,NA,NA,2023-02-15
2023-02-14 6:42:53,583,R_dH87FQfxqjQPAcd,6.305701,-0.721928,Richard,NA,NA,NA,Ekorso Akwadum,NA,"MGR Maintenance,Surveyor Team Visit,Project Update Visit",NA,2000,263,67,21,21,NA,67,20,NA,18,N/A,NA,NA,NA,NA,NA,NA,NA,Yes,NA,NA,NA,NA,NA,NA,NA,NA,NA,Less than 1 time in a term,3- This describes our school a little bit,3- This describes our school a little bit,"Yes, EPI has given them a library",NA,"Yes, another organization or the government has given them some","Yes, another organization or the government has given them something to provide clean water","No, this school needs more classrooms or an upgrade to their current buildings",Yes,NA,NA,NA,NA,NA,NA,NA,NA,NA,NA,NA,NA,NA,NA,NA,NA,NA,NA,Maybe in the future,NA,NA,2023-02-14
2023-03-14 4:01:09,1161,R_nG0Vs7DBIjSovDF,5.912206,-0.256356,Richard,NA,NA,NA,Other,Ankwasu,"Routine Program Evaluation,Surveyor Team Visit,Project Update Visit",NA,5300,300,17,87,28,NA,89,34,NA,24,30,NA,NA,NA,NA,NA,NA,NA,No,NA,Yes,3,12,10,Yes,NA,NA,NA,Less than 1 time in a term,3- This describes our school a little bit,3- This describes our school a little bit,"No, they need a library",Yes,"Yes, another organization or the government has given them some","Yes, another organization or the government has given them something to provide clean water","Yes, they already had enough classrooms or another organization has provided them",Yes,NA,NA,NA,NA,NA,NA,NA,NA,NA,NA,NA,NA,NA,NA,NA,NA,NA,NA,"No, they do not need anything or they need to work on their lantern program more.",NA,NA,2023-03-14
2023-03-22 7:21:55,742,R_bhMjsBuL32q1g93,5.814526,0.72805,Richard,NA,NA,NA,Other,Bomigo,"Routine Program Evaluation,Surveyor Team Visit,Project Update Visit",NA,600,167,9,35,18,NA,30,18,NA,25,10,NA,NA,NA,NA,NA,NA,NA,No,NA,No,NA,22,22,Yes,NA,NA,NA,1-2 times in a term,5- This describes our school,5- This describes our school,"No, they need a library",Yes,"Yes, another organization or the government has given them some","Yes, another organization or the government has given them something to provide clean water","No, this school needs more classrooms or an upgrade to their current buildings",Yes,NA,NA,NA,NA,NA,NA,NA,NA,NA,NA,NA,NA,NA,NA,NA,NA,NA,NA,Yes,NA,NA,2023-03-22
2023-04-12 2:56:25,4185,R_msJ0S7Wl2TS8lfL,5.93566,0.338888,Richard,NA,NA,NA,Amuyaokope,NA,"MGR Maintenance,Routine Program Evaluation,Surveyor Team Visit",NA,1500,270,11,86,33,NA,74,19,NA,27,14,NA,NA,NA,NA,NA,NA,NA,Yes,NA,NA,NA,NA,NA,NA,NA,NA,NA,Less than 1 time in a term,3- This describes our school a little bit,3- This describes our school a little bit,"No, they need a library","No, they need a classroom block or building for their library","Yes, another organization or the government has given them some","Yes, another organization or the government has given them something to provide clean water","No, this school needs more classrooms or an upgrade to their current buildings",Yes,NA,NA,NA,NA,NA,NA,NA,NA,NA,NA,NA,NA,NA,NA,NA,NA,NA,NA,Maybe in the future,NA,NA,2023-04-12
2023-04-14 2:29:38,703,R_0jsCGQ0OwWnx2qq,5.972241,0.423937,Richard,NA,NA,NA,Madavunu,NA,"Routine Program Evaluation,Surveyor Team Visit,Project Update Visit",NA,560,205,7,65,20,NA,40,15,NA,21,13,NA,NA,NA,NA,NA,NA,NA,Yes,NA,No,NA,0,15,Yes,NA,NA,NA,Less than 1 time in a term,3- This describes our school a little bit,3- This describes our school a little bit,"No, they need a library","No, they need a classroom block or building for their library",NA,"Yes, another organization or the government has given them something to provide clean water","Yes, EPI has built enough classrooms for them to use",Yes,NA,NA,NA,NA,NA,NA,NA,NA,NA,NA,NA,NA,NA,NA,NA,NA,NA,NA,"No, they do not need anything or they need to work on their lantern program more.",NA,NA,2023-04-14
2023-04-12 6:04:23,536,R_lIFsVpVmu0Owlxo,5.986397,0.357028,Richard,NA,NA,NA,Luta,NA,"Routine Program Evaluation,Surveyor Team Visit,Project Update Visit",NA,1200,148,14,101,23,NA,47,16,NA,20,12,NA,NA,NA,NA,NA,NA,NA,Yes,NA,NA,NA,NA,NA,NA,NA,NA,NA,Less than 1 time in a term,1- This does not describe our school,1- This does not describe our school,"Yes, another organization or the government has given them a library",NA,"Yes, another organization or the government has given them some","Yes, another organization or the government has given them something to provide clean water","Yes, they already had enough classrooms or another organization has provided them",Yes,NA,NA,NA,NA,NA,NA,NA,NA,NA,NA,NA,NA,NA,NA,NA,NA,NA,NA,Maybe in the future,NA,NA,2023-04-12
2023-04-19 3:57:38,3315,R_cTtO8wlGQco5ZF2,5.519211,-0.868392,Richard,NA,NA,NA,Mansokwa,NA,"MGR Maintenance,Routine Program Evaluation,Surveyor Team Visit,Project Update Visit",NA,100,158,12,44,7,NA,42,11,NA,21,5,NA,NA,NA,NA,NA,NA,NA,No,NA,Yes,10,26,25,Yes,NA,NA,NA,Less than 1 time in a term,1- This does not describe our school,1- This does not describe our school,"No, they need a library",Yes,"Yes, another organization or the government has given them some","Yes, another organization or the government has given them something to provide clean water","Yes, EPI has built enough classrooms for them to use",Yes,NA,NA,NA,NA,NA,NA,NA,NA,NA,NA,NA,NA,NA,NA,NA,NA,NA,NA,Maybe in the future,NA,NA,2023-04-19
2023-04-14 4:12:10,1487,R_kWHJhtMSVNIgvLZ,5.983474,0.402017,Richard,NA,NA,NA,Terhey,NA,"MGR Maintenance,Routine Program Evaluation,Surveyor Team Visit,Project Update Visit",NA,NA,143,8,85,18,NA,39,22,NA,NA,22,1-2 km,NA,NA,NA,NA,NA,NA,Yes,NA,No,NA,15,15,No,NA,NA,NA,Less than 1 time in a term,1- This does not describe our school,1- This does not describe our school,"No, they need a library",NA,"Yes, another organization or the government has given them some","Yes, another organization or the government has given them something to provide clean water","Yes, they already had enough classrooms or another organization has provided them",Yes,NA,NA,NA,NA,NA,NA,NA,NA,NA,NA,NA,NA,NA,NA,NA,NA,NA,NA,Maybe in the future,NA,NA,2023-04-14
2023-05-25 6:37:35,758,R_0W6Q5Y0HMWHCjMk,5.29984,-2.071878,George,NA,NA,NA,Wangarakrom-Tarkuea,NA,"Routine Program Evaluation,Surveyor Team Visit",NA,3800,384,11,85,33,NA,32,14,NA,22,10,NA,NA,NA,NA,NA,NA,NA,Yes,NA,No,NA,26,13,Yes,NA,NA,NA,3 or more times in a term,5- This describes our school,5- This describes our school,"No, they need a library",Yes,"Yes, another organization or the government has given them some","Yes, another organization or the government has given them something to provide clean water","Yes, they already had enough classrooms or another organization has provided them",No,NA,NA,NA,NA,NA,NA,NA,NA,NA,NA,NA,NA,NA,NA,NA,NA,NA,NA,"No, they do not need anything or they need to work on their lantern program more.",NA,NA,2023-05-25
2023-10-24 4:12:34,3573,R_dhFRJdupONLeUWv,6.326044,-0.683595,Richard,NA,NA,NA,Ntomem,NA,"MGR Maintenance,Routine Program Evaluation,Surveyor Team Visit,Project Update Visit",NA,600,189,10,70,18,NA,49,11,NA,24,NA,NA,NA,NA,NA,NA,NA,NA,"No, but they have poles or power lines",NA,No,NA,13,13,Yes,NA,NA,NA,1-2 times in a term,5- This describes our school,5- This describes our school,"No, they need a library",Yes,"Yes, another organization or the government has given them some","Yes, EPI has helped them get access to clean water","Yes, they already had enough classrooms or another organization has provided them",Yes,NA,NA,NA,NA,NA,NA,NA,NA,NA,NA,NA,NA,NA,NA,NA,NA,NA,NA,Maybe in the future,NA,NA,2023-10-24
2023-10-24 7:07:54,1549,R_hXn8JhvkiVa2O3d,6.295118,-0.629748,Richard,NA,NA,NA,Begoro,NA,"MGR Maintenance,Routine Program Evaluation,Surveyor Team Visit,Project Update Visit",NA,800,194,16,78,20,NA,64,20,NA,20,18,NA,NA,NA,NA,NA,NA,NA,Yes,NA,NA,NA,NA,NA,NA,NA,NA,NA,1-2 times in a term,5- This describes our school,3- This describes our school a little bit,"Yes, EPI has given them a library",NA,"Yes, another organization or the government has given them some","Yes, EPI has helped them get access to clean water","Yes, they already had enough classrooms or another organization has provided them",Yes,NA,NA,NA,NA,NA,NA,NA,NA,NA,NA,NA,NA,NA,NA,NA,NA,NA,NA,Maybe in the future,NA,NA,2023-10-24
2023-10-27 4:41:44,1451,R_9dbMN5kl2zVyM1Y,6.220658,-0.347632,Richard,NA,NA,NA,Ferekoroba,NA,"MGR Maintenance,Routine Program Evaluation,Surveyor Team Visit,Project Update Visit",NA,900,114,19,25,10,NA,15,20,NA,18,18,NA,NA,NA,NA,NA,NA,NA,Yes,NA,NA,NA,NA,NA,NA,NA,NA,NA,1-2 times in a term,5- This describes our school,5- This describes our school,"Yes, EPI has given them a library",NA,"Yes, another organization or the government has given them some","Yes, EPI has helped them get access to clean water","Yes, they already had enough classrooms or another organization has provided them",Yes,NA,NA,NA,NA,NA,NA,NA,NA,NA,NA,NA,NA,NA,NA,NA,NA,NA,NA,Maybe in the future,NA,NA,2023-10-27
2023-10-10 6:40:38,4476,R_bgpBt0MR6ve8NlQ,5.299919,-2.07194,George,NA,NA,NA,Wangarakrom,NA,"MGR Maintenance,Routine Program Evaluation,Surveyor Team Visit",NA,3000,350,7,94,32,NA,32,21,NA,22,15,NA,NA,NA,NA,NA,NA,NA,Yes,NA,Yes,NA,11,4,Yes,NA,NA,NA,1-2 times in a term,5- This describes our school,5- This describes our school,"Yes, another organization or the government has given them a library",NA,"Yes, another organization or the government has given them some","Yes, another organization or the government has given them something to provide clean water","Yes, they already had enough classrooms or another organization has provided them",Other,NA,NA,NA,NA,NA,NA,NA,NA,NA,NA,NA,NA,NA,NA,NA,NA,NA,NA,"No, they do not need anything or they need to work on their lantern program more.",NA,NA,2023-10-10
2023-10-11 5:27:26,634,R_aUCpaSkbQL6lzy2,5.097278,-1.955916,George,NA,NA,NA,Community 3,NA,"MGR Maintenance,Routine Program Evaluation,Surveyor Team Visit,Other",Menstrual kits distribut,1000,210,9,95,9,NA,9,4,NA,Yet to receive results,Yet to receive results,NA,NA,NA,NA,NA,NA,NA,No,NA,No,NA,0,0,Yes,NA,NA,NA,3 or more times in a term,5- This describes our school,5- This describes our school,"Yes, EPI has given them a library",NA,"Yes, EPI has helped build some","Yes, EPI has helped them get access to clean water","Yes, EPI has built enough classrooms for them to use",Other,NA,NA,NA,NA,NA,NA,NA,NA,NA,NA,NA,NA,NA,NA,NA,NA,NA,NA,Maybe in the future,NA,NA,2023-10-11
2023-10-11 8:21:23,2079,R_4DSU1bsJjXcJtaP,NA,NA,George,NA,NA,NA,Community 9,NA,"MGR Maintenance,Routine Program Evaluation,Surveyor Team Visit,Other",Menstrual kits distribution,1500,265,9,180,5,NA,5,10,NA,Results yet,Results not yet,NA,NA,NA,NA,NA,NA,NA,No,NA,No,NA,9,9,Yes,NA,NA,NA,3 or more times in a term,5- This describes our school,5- This describes our school,"No, they need a library","No, they need a classroom block or building for their library","No, this school needs a toilet","Yes, another organization or the government has given them something to provide clean water","Yes, EPI has built enough classrooms for them to use",Other,NA,NA,NA,NA,NA,NA,NA,NA,NA,NA,NA,NA,NA,NA,NA,NA,NA,NA,Maybe in the future,NA,NA,2023-10-11
2023-10-23 3:34:53,1464,R_hnz7aLlG2ZnjLnZ,5.862967,0.031949,George,NA,NA,NA,Dedenya,NA,Routine Program Evaluation,NA,1000,420,16,167,44,NA,44,48,NA,24,28,NA,NA,NA,NA,NA,NA,NA,Yes,NA,NA,NA,NA,NA,NA,NA,NA,NA,3 or more times in a term,5- This describes our school,5- This describes our school,"No, they need a library","No, they need a classroom block or building for their library","Yes, another organization or the government has given them some","Yes, another organization or the government has given them something to provide clean water","Yes, they already had enough classrooms or another organization has provided them",Yes,NA,NA,NA,NA,NA,NA,NA,NA,NA,NA,NA,NA,NA,NA,NA,NA,NA,NA,Maybe in the future,NA,NA,2023-10-23
2023-10-23 4:22:45,857,R_78eJWTKiV7pZhqu,5.848264,0.046957,George,NA,NA,NA,Mampong Shai,NA,Routine Program Evaluation,NA,800,275,15,109,28,NA,28,20,NA,16,10,NA,NA,NA,NA,NA,NA,NA,Yes,NA,NA,NA,NA,NA,NA,NA,NA,NA,3 or more times in a term,5- This describes our school,5- This describes our school,"Yes, EPI has given them a library",NA,"Yes, another organization or the government has given them some","Yes, another organization or the government has given them something to provide clean water","Yes, they already had enough classrooms or another organization has provided them",Yes,NA,NA,NA,NA,NA,NA,NA,NA,NA,NA,NA,NA,NA,NA,NA,NA,NA,NA,"No, they do not need anything or they need to work on their lantern program more.",NA,NA,2023-10-23
2023-10-23 7:54:59,776,R_bWFjgeWPT4XdVB7,NA,NA,George,NA,NA,NA,Minya,NA,Routine Program Evaluation,NA,600,145,14,48,18,NA,17,9,NA,18,5,NA,NA,NA,NA,NA,NA,NA,Yes,NA,Yes,7,18 broken replaced,18,Yes,NA,NA,NA,3 or more times in a term,5- This describes our school,5- This describes our school,"Yes, another organization or the government has given them a library",NA,"Yes, another organization or the government has given them some","Yes, another organization or the government has given them something to provide clean water","Yes, EPI has built enough classrooms for them to use",Yes,NA,NA,NA,NA,NA,NA,NA,NA,NA,NA,NA,NA,NA,NA,NA,NA,NA,NA,"No, they do not need anything or they need to work on their lantern program more.",NA,NA,2023-10-23
2023-10-24 3:30:28,1355,R_lkL4YYSBgm7rL06,NA,NA,George,NA,NA,NA,Madavunu,NA,Routine Program Evaluation,NA,1200,219,8,60,25,NA,66,13,NA,18,9,NA,NA,NA,NA,NA,NA,NA,Other,NA,No,NA,11,11,Yes,NA,NA,NA,3 or more times in a term,5- This describes our school,5- This describes our school,"No, they need a library","No, they need a classroom block or building for their library","No, this school needs a toilet","Yes, another organization or the government has given them something to provide clean water","Yes, EPI has built enough classrooms for them to use",Yes,NA,NA,NA,NA,NA,NA,NA,NA,NA,NA,NA,NA,NA,NA,NA,NA,NA,NA,Yes,NA,NA,2023-10-24
2023-11-01 3:49:28,675,R_6QHbSY7iQDFrDCq,NA,NA,George,NA,NA,NA,Nyapienya,NA,"MGR Maintenance,Routine Program Evaluation",NA,950,120,12,26,15,NA,31,8,NA,28,5,NA,NA,NA,NA,NA,NA,NA,No,NA,No,NA,14,14,Yes,NA,NA,NA,3 or more times in a term,5- This describes our school,5- This describes our school,"Yes, EPI has given them a library",NA,"Yes, another organization or the government has given them some","Yes, another organization or the government has given them something to provide clean water","Yes, EPI has built enough classrooms for them to use",Yes,NA,NA,NA,NA,NA,NA,NA,NA,NA,NA,NA,NA,NA,NA,NA,NA,NA,NA,"No, they do not need anything or they need to work on their lantern program more.",NA,NA,2023-11-01
2023-11-08 3:21:08,3838,R_2gmxEGTx03qi7hs,5.945799,-0.32744,George,NA,NA,NA,Afransua Dedewa MA Primary,NA,Routine Program Evaluation,NA,800,226,16,67,15,NA,43,Not yet,NA,Not yet,Not yet,NA,NA,NA,NA,NA,NA,NA,Yes,NA,NA,NA,NA,NA,NA,NA,NA,NA,3 or more times in a term,5- This describes our school,5- This describes our school,"No, they need a library",Yes,"Yes, another organization or the government has given them some","Yes, EPI has helped them get access to clean water","Yes, EPI has built enough classrooms for them to use",Yes,NA,NA,NA,NA,NA,NA,NA,NA,NA,NA,NA,NA,NA,NA,NA,NA,NA,NA,"No, they do not need anything or they need to work on their lantern program more.",NA,NA,2023-11-08
2023-11-09 2:33:21,2030,R_2OTXAMrI4oUSULz,5.897976,-0.276219,George,NA,NA,NA,Obosonu,NA,Routine Program Evaluation,NA,NA,312,15,92,29,NA,82,24,NA,24,18,NA,NA,NA,NA,NA,NA,NA,No,NA,Yes,8,5,5,Yes,NA,NA,NA,3 or more times in a term,5- This describes our school,5- This describes our school,"Yes, EPI has given them a library",NA,"Yes, another organization or the government has given them some","Yes, EPI has helped them get access to clean water","Yes, they already had enough classrooms or another organization has provided them",Yes,NA,NA,NA,NA,NA,NA,NA,NA,NA,NA,NA,NA,NA,NA,NA,NA,NA,NA,"No, they do not need anything or they need to work on their lantern program more.",NA,NA,2023-11-09
2023-11-09 4:04:58,4682,R_mgQjS6Li9aIrHG6,5.912259,-0.256448,George,NA,NA,NA,Akwansu,NA,"Routine Program Evaluation,Other",Science kits microscope,1100,NA,16,74,26,NA,79,15,NA,20,8,NA,NA,NA,NA,NA,NA,NA,No,NA,Yes,4,6,6,Yes,NA,NA,NA,3 or more times in a term,5- This describes our school,5- This describes our school,"No, they need a library",Yes,"Yes, another organization or the government has given them some","Yes, another organization or the government has given them something to provide clean water","Yes, they already had enough classrooms or another organization has provided them",Yes,NA,NA,NA,NA,NA,NA,NA,NA,NA,NA,NA,NA,NA,NA,NA,NA,NA,NA,"No, they do not need anything or they need to work on their lantern program more.",NA,NA,2023-11-09
2023-11-10 2:01:57,1414,R_i7DixIPWrGCbiHl,NA,NA,George,NA,NA,NA,Mamakrom,NA,Routine Program Evaluation,NA,1500,280,13,86,16,NA,52,15,NA,14,13,NA,NA,NA,NA,NA,NA,NA,Yes,NA,No,NA,20,16 4 with teachers,Yes,NA,NA,NA,3 or more times in a term,5- This describes our school,5- This describes our school,"Yes, another organization or the government has given them a library",NA,"Yes, another organization or the government has given them some","Yes, another organization or the government has given them something to provide clean water","Yes, they already had enough classrooms or another organization has provided them",Yes,NA,NA,NA,NA,NA,NA,NA,NA,NA,NA,NA,NA,NA,NA,NA,NA,NA,NA,"No, they do not need anything or they need to work on their lantern program more.",NA,NA,2023-11-10
2023-11-13 3:41:40,665,R_iCS50c3lhR4ND2m,6.865386,-1.217725,George,NA,NA,NA,Domase,NA,Routine Program Evaluation,NA,900,149,10,36,No jhs,NA,N/A,NA,NA,NA,NA,3-5 km,NA,NA,NA,NA,NA,NA,No,NA,Yes,3,17 replaced and added,17,Yes,NA,NA,NA,3 or more times in a term,5- This describes our school,5- This describes our school,"Yes, EPI has given them a library",NA,"Yes, EPI has helped build some","Yes, EPI has helped them get access to clean water","Yes, EPI has built enough classrooms for them to use",Yes,NA,NA,NA,NA,NA,NA,NA,NA,NA,NA,NA,NA,NA,NA,NA,NA,NA,NA,Yes,NA,NA,2023-11-13
2023-11-13 5:13:41,437,R_laYzmnnlCQg2fWw,6.907929,-1.193542,George,NA,NA,NA,Other:,Empowerplaygrounds Basic Mobia,"MGR Maintenance,Routine Program Evaluation",NA,900,210,1,Only lower primary,No yet,NA,N/A,NA,NA,NA,NA,The closest JHS is greater than 6 km distance from the school,NA,NA,NA,NA,NA,NA,No,NA,No,NA,20,20,Yes,NA,NA,NA,They don't use them,NA,NA,"Yes, EPI has given them a library",NA,"Yes, EPI has helped build some","Yes, EPI has helped them get access to clean water","Yes, EPI has built enough classrooms for them to use",No,NA,NA,NA,NA,NA,NA,NA,NA,NA,NA,NA,NA,NA,NA,NA,NA,NA,NA,"No, they do not need anything or they need to work on their lantern program more.",NA,NA,2023-11-13
2023-10-20 6:01:52,687,R_bm4ITT90w1cOh55,5.578255,-0.881685,George,NA,NA,NA,Pediatorkope,NA,Routine Program Evaluation,NA,800,120,11,41,8,NA,8,16,NA,24,5,NA,NA,NA,NA,NA,NA,NA,No,NA,Yes,8,18,14,Yes,NA,NA,NA,3 or more times in a term,5- This describes our school,5- This describes our school,"No, they need a library",Yes,NA,"Yes, another organization or the government has given them something to provide clean water","Yes, EPI has built enough classrooms for them to use",Yes,NA,NA,NA,NA,NA,NA,NA,NA,NA,NA,NA,NA,NA,NA,NA,NA,NA,NA,"No, they do not need anything or they need to work on their lantern program more.",NA,NA,2023-10-20
2023-10-24 6:23:43,424,R_dNkNElaJsl6nXR3,5.986562,0.357017,George,NA,NA,NA,Dedewa,NA,Routine Program Evaluation,NA,NA,148,14,42,23,NA,47,12,NA,28,7,NA,NA,NA,NA,NA,NA,NA,Yes,NA,Yes,NA,6,6,Yes,NA,NA,NA,3 or more times in a term,5- This describes our school,5- This describes our school,"No, they need a library",Yes,"Yes, another organization or the government has given them some","Yes, another organization or the government has given them something to provide clean water","Yes, they already had enough classrooms or another organization has provided them",Yes,NA,NA,NA,NA,NA,NA,NA,NA,NA,NA,NA,NA,NA,NA,NA,NA,NA,NA,"No, they do not need anything or they need to work on their lantern program more.",NA,NA,2023-10-24
2023-10-24 7:27:43,1262,R_d1j7yEiHifj5hp2,5.952738,0.371377,George,NA,NA,NA,Ador Kope R/C Primary,NA,Routine Program Evaluation,NA,1500,243,15,92,24,NA,86,22,NA,22,15,NA,NA,NA,NA,NA,NA,NA,Yes,NA,NA,NA,NA,NA,NA,NA,NA,NA,3 or more times in a term,5- This describes our school,5- This describes our school,"No, they need a library",Yes,"Yes, another organization or the government has given them some","Yes, another organization or the government has given them something to provide clean water","Yes, they already had enough classrooms or another organization has provided them",Other,NA,NA,NA,NA,NA,NA,NA,NA,NA,NA,NA,NA,NA,NA,NA,NA,NA,NA,"No, they do not need anything or they need to work on their lantern program more.",NA,NA,2023-10-24
2023-11-16 2:29:59,620,R_4LaOI3sqej6TlR0,5.903093,-0.522268,George,NA,NA,NA,Nwawasua MA,NA,Routine Program Evaluation,NA,700,158,10,37,9,NA,9,10,NA,19,7,NA,NA,NA,NA,NA,NA,NA,Yes,NA,NA,NA,NA,NA,NA,NA,NA,NA,3 or more times in a term,5- This describes our school,5- This describes our school,"Yes, EPI has given them a library",NA,"Yes, EPI has helped build some","Yes, EPI has helped them get access to clean water","Yes, EPI has built enough classrooms for them to use",Yes,NA,NA,NA,NA,NA,NA,NA,NA,NA,NA,NA,NA,NA,NA,NA,NA,NA,NA,"No, they do not need anything or they need to work on their lantern program more.",NA,NA,2023-11-16
2023-11-16 4:28:19,2155,R_jUwvss7oj3v8JBQ,NA,NA,George,NA,NA,NA,Bomigo,NA,Routine Program Evaluation,NA,650,142,10,NA,12,NA,29,10,NA,33,6,NA,NA,NA,NA,NA,NA,NA,Yes,NA,NA,NA,NA,NA,NA,NA,NA,NA,3 or more times in a term,5- This describes our school,5- This describes our school,"Yes, EPI has given them a library",NA,"Yes, EPI has helped build some","Yes, EPI has helped them get access to clean water","Yes, EPI has built enough classrooms for them to use",Yes,NA,NA,NA,NA,NA,NA,NA,NA,NA,NA,NA,NA,NA,NA,NA,NA,NA,NA,Maybe in the future,NA,NA,2023-11-16
2023-11-23 4:25:00,1091,R_8kEX48NIoYygwSb,5.897865,-0.276513,George,NA,NA,NA,Obelemanya,NA,Routine Program Evaluation,NA,800,267,14,75,0.2,NA,65,22,NA,28,14,NA,NA,NA,NA,NA,NA,NA,No,NA,No,NA,24,24,Yes,NA,NA,NA,3 or more times in a term,5- This describes our school,5- This describes our school,"Yes, EPI has given them a library",NA,"Yes, another organization or the government has given them some","Yes, EPI has helped them get access to clean water","Yes, they already had enough classrooms or another organization has provided them",Yes,NA,NA,NA,NA,NA,NA,NA,NA,NA,NA,NA,NA,NA,NA,NA,NA,NA,NA,Maybe in the future,NA,NA,2023-11-23
2023-12-06 4:30:39,1498,R_hn9kAArJVA7xDtC,7.29116,-2.405507,George,NA,NA,NA,Gourcy Burkina Faso School,NA,Routine Program Evaluation,NA,2500,530,34,135,49,NA,103,22,NA,0.16,22,NA,NA,NA,NA,NA,NA,NA,No,NA,Yes,5,23 broken 5 replaced,23,Yes,NA,NA,NA,3 or more times in a term,5- This describes our school,5- This describes our school,"Yes, EPI has given them a library",NA,"Yes, another organization or the government has given them some","Yes, another organization or the government has given them something to provide clean water","Yes, they already had enough classrooms or another organization has provided them",Yes,NA,NA,NA,NA,NA,NA,NA,NA,NA,NA,NA,NA,NA,NA,NA,NA,NA,NA,"No, they do not need anything or they need to work on their lantern program more.",NA,NA,2023-12-06
2023-12-06 5:38:25,1873,R_lYpLXcpNLjT0Vl2,7.281778,-2.435767,George,NA,NA,NA,Dedenya,NA,Routine Program Evaluation,NA,NA,205,10,52,20,NA,60,15,NA,15,11,NA,NA,NA,NA,NA,NA,NA,Yes,NA,No,NA,33,33,Yes,NA,NA,NA,3 or more times in a term,5- This describes our school,5- This describes our school,"Yes, EPI has given them a library",NA,"Yes, another organization or the government has given them some","Yes, another organization or the government has given them something to provide clean water","No, this school needs more classrooms or an upgrade to their current buildings",Yes,NA,NA,NA,NA,NA,NA,NA,NA,NA,NA,NA,NA,NA,NA,NA,NA,NA,NA,Yes,NA,NA,2023-12-06
2024-01-22 4:53:28,767,R_gxiCv5Gc11AGqbl,6.297161,-0.689404,Richard,NA,NA,NA,Begoro,NA,"MGR Maintenance,Routine Program Evaluation,Surveyor Team Visit,Project Update Visit",NA,1600,240,12,81,20,NA,64,20,NA,23,18,NA,NA,NA,NA,NA,NA,NA,Yes,NA,NA,NA,NA,NA,NA,NA,NA,NA,1-2 times in a term,5- This describes our school,3- This describes our school a little bit,"Yes, EPI has given them a library",NA,"Yes, another organization or the government has given them some","Yes, EPI has helped them get access to clean water","No, this school needs more classrooms or an upgrade to their current buildings",Yes,NA,NA,NA,NA,NA,NA,NA,NA,NA,NA,NA,NA,NA,NA,NA,NA,NA,NA,NA,NA,NA,2024-01-22
2018-10-25 8:18:55,0,R_mWg3Cywh2SQ2wVj,7.0194,-1.118,George,NA,NA,NA,Dagomba,NA,"Routine Program Evaluation,Other",Deliver library books,950,421,16,123,33,NA,93,28,NA,NA,28,0 - This school has a Junior High School,NA,NA,NA,NA,NA,NA,"No, but they have poles or power lines",NA,Yes,Broken,36 broken one replaced,36,Yes,NA,NA,NA,3 or more times in a term,5- This describes our school,5- This describes our school,"Yes, EPI has given them a library",N/A- this school already has a library,"Yes, another organization or the government has given them some","Yes, another organization or the government has given them something to provide clean water","Yes, they already had enough classrooms or another organization has provided them",No,NA,NA,NA,NA,NA,NA,NA,NA,NA,NA,NA,NA,NA,NA,NA,NA,NA,NA,"No, they do not need anything or they need to work on their lantern program more.",NA,NA,2018-10-25
2018-10-18 4:55:55,0,R_3sU3zNl3aXuzy3F,6.15831,-0.337631,George,NA,NA,NA,Mpaem,NA,Other,Days for girls,900,141,15,98,12,NA,39,18,NA,NA,15,0 - This school has a Junior High School,NA,NA,NA,NA,NA,NA,Yes,NA,Yes,"Stolen,Broken",32 3 were replaced,24,Yes,NA,NA,NA,3 or more times in a term,5- This describes our school,5- This describes our school,"Yes, EPI has given them a library",N/A- this school already has a library,"No, this school needs a toilet","No, this school needs a borehole or other clean water solution","No, this school needs more classrooms or an upgrade to their current buildings",Yes,NA,NA,NA,NA,NA,NA,NA,NA,NA,NA,NA,NA,NA,NA,NA,NA,NA,NA,Yes,NA,NA,2018-10-18
2018-10-23 11:25:48,0,R_2DMct4r7MWFvqQs,5.816177,-0.339607,George,NA,NA,NA,Afransua Dedewa M/A Primary School,NA,Routine Program Evaluation,NA,900,149,8,24,7,NA,N/A,N/A,NA,NA,N/A,3-5 km,NA,NA,NA,NA,NA,NA,No,NA,No,"N/A- No lanterns are being reported lost, stolen, or broken",24,21 for with teachers,Yes,NA,NA,NA,3 or more times in a term,5- This describes our school,5- This describes our school,"No, they need a library","No, they need a classroom block or building for their library","No, this school needs a toilet",NA,"No, this school needs more classrooms or an upgrade to their current buildings",No,NA,NA,NA,NA,NA,NA,NA,NA,NA,NA,NA,NA,NA,NA,NA,NA,NA,NA,Yes,NA,NA,2018-10-23
2018-10-23 11:11:02,0,R_f7jGCmN225nArhT,5.816164,-0.339586,George,NA,NA,NA,Luta,NA,Routine Program Evaluation,NA,1500,160,14,56,12,NA,30,12,NA,NA,9,0 - This school has a Junior High School,NA,NA,NA,NA,NA,NA,Yes,NA,No,"N/A- No lanterns are being reported lost, stolen, or broken",24,24,No,NA,NA,NA,3 or more times in a term,5- This describes our school,5- This describes our school,"No, they need a library","No, they need a classroom block or building for their library","Yes, another organization or the government has given them some","Yes, another organization or the government has given them something to provide clean water","Yes, they already had enough classrooms or another organization has provided them",No,NA,NA,NA,NA,NA,NA,NA,NA,NA,NA,NA,NA,NA,NA,NA,NA,NA,NA,"No, they do not need anything or they need to work on their lantern program more.",NA,NA,2018-10-23
2018-10-23 10:58:14,0,R_6MfUjEEf49xfB6X,5.816164,-0.339614,George,NA,NA,NA,Amuyaokope,NA,"MGR Maintenance,Surveyor Team Visit",NA,1650,303,15,90,27,NA,67,23,NA,NA,22,0 - This school has a Junior High School,NA,NA,NA,NA,NA,NA,Yes,NA,No,"N/A- No lanterns are being reported lost, stolen, or broken",25,24 one for teachers,No,NA,NA,NA,3 or more times in a term,5- This describes our school,5- This describes our school,"No, they need a library",Yes,"Yes, another organization or the government has given them some","Yes, another organization or the government has given them something to provide clean water","Yes, they already had enough classrooms or another organization has provided them",No,NA,NA,NA,NA,NA,NA,NA,NA,NA,NA,NA,NA,NA,NA,NA,NA,NA,NA,"No, they do not need anything or they need to work on their lantern program more.",NA,NA,2018-10-23
2018-11-02 5:41:54,839,R_5h74bK7bwsZkaE0,6.005211,0.424903,George,NA,NA,NA,Terhey,NA,"MGR Maintenance,Routine Program Evaluation",NA,600,210,10,55,22,NA,44,8,NA,NA,8,0 - This school has a Junior High School,NA,NA,NA,NA,NA,NA,Yes,NA,No,"N/A- No lanterns are being reported lost, stolen, or broken",8,8,No,NA,NA,NA,3 or more times in a term,5- This describes our school,5- This describes our school,"No, they need a library","No, they need a classroom block or building for their library","No, this school needs a toilet","Yes, another organization or the government has given them something to provide clean water","No, this school needs more classrooms or an upgrade to their current buildings",No,NA,NA,NA,NA,NA,NA,NA,NA,NA,NA,NA,NA,NA,NA,NA,NA,NA,NA,Yes,NA,NA,2018-11-02
2018-11-02 3:23:02,2002,R_1TXbpxOXgTfPHu0,5.972188,0.423959,George,NA,NA,NA,Madavunu,NA,"MGR Maintenance,Routine Program Evaluation,Surveyor Team Visit",NA,800,220,15,61,15,NA,40,10,NA,NA,10,0 - This school has a Junior High School,NA,NA,NA,NA,NA,NA,Yes,NA,No,"N/A- No lanterns are being reported lost, stolen, or broken",13,12,No,NA,NA,NA,3 or more times in a term,5- This describes our school,5- This describes our school,"No, they need a library","No, they need a classroom block or building for their library","No, this school needs a toilet","Yes, another organization or the government has given them something to provide clean water","Yes, they already had enough classrooms or another organization has provided them",No,NA,NA,NA,NA,NA,NA,NA,NA,NA,NA,NA,NA,NA,NA,NA,NA,NA,NA,"No, they do not need anything or they need to work on their lantern program more.",NA,NA,2018-11-02
2018-10-22 6:21:11,707,R_8hixYcJNAEhJXzE,10.860982,-0.900253,Richard,NA,NA,NA,Nyariga Girls School,NA,"MGR Maintenance,Surveyor Team Visit",NA,2000,115,8,N/A,N/A,NA,115,48,NA,NA,46,0 - This school has a Junior High School,NA,NA,NA,NA,NA,NA,No,NA,No,"N/A- No lanterns are being reported lost, stolen, or broken",40,25,Yes,NA,NA,NA,1-2 times in a term,5- This describes our school,5- This describes our school,"No, they need a library",Yes,"Yes, another organization or the government has given them some","Yes, another organization or the government has given them something to provide clean water","No, this school needs more classrooms or an upgrade to their current buildings",Yes,NA,NA,NA,NA,NA,NA,NA,NA,NA,NA,NA,NA,NA,NA,NA,NA,NA,NA,Yes,NA,NA,2018-10-22
2018-12-05 1:51:06,1258,R_hAaQf0sstNogtJb,5.121665,-1.951448,George,NA,NA,NA,Community School 9,NA,MGR Maintenance,NA,500,165,8,42,8,NA,31,5,NA,NA,5,0 - This school has a Junior High School,NA,NA,NA,NA,NA,NA,"No, but they have poles or power lines",NA,No,"N/A- No lanterns are being reported lost, stolen, or broken",20,17 3 for teachers,Yes,NA,NA,NA,3 or more times in a term,5- This describes our school,5- This describes our school,"No, they need a library","No, they need a classroom block or building for their library","No, this school needs a toilet","Yes, another organization or the government has given them something to provide clean water","No, this school needs more classrooms or an upgrade to their current buildings",No,NA,NA,NA,NA,NA,NA,NA,NA,NA,NA,NA,NA,NA,NA,NA,NA,NA,NA,Yes,NA,NA,2018-12-05
2018-12-05 0:43:01,1232,R_0PzKJAN0ZwHSyHV,5.097388,-1.955845,George,NA,NA,NA,Community School 3,NA,"MGR Maintenance,Routine Program Evaluation",NA,500,90,7,NA,14,NA,N/A,N/A,NA,NA,N/A,3-5 km,NA,NA,NA,NA,NA,NA,No,NA,No,"N/A- No lanterns are being reported lost, stolen, or broken",18,13 5 for the teachers,Yes,NA,NA,NA,3 or more times in a term,5- This describes our school,5- This describes our school,"Yes, EPI has given them a library",N/A- this school already has a library,"No, this school needs a toilet","Yes, another organization or the government has given them something to provide clean water","No, this school needs more classrooms or an upgrade to their current buildings",No,NA,NA,NA,NA,NA,NA,NA,NA,NA,NA,NA,NA,NA,NA,NA,NA,NA,NA,Maybe in the future,NA,NA,2018-12-05
2018-11-14 2:41:35,11137,R_9qXRwNWlQJdTGZ4,7.802565,-1.012675,George,NA,NA,NA,Nwowom,NA,"Routine Program Evaluation,Surveyor Team Visit",NA,800,117,11,57,N|A,NA,N/A,N\A,NA,NA,N\A,The closest JHS is greater than 6 km distance from the school,NA,NA,NA,NA,NA,NA,Yes,NA,No,"N/A- No lanterns are being reported lost, stolen, or broken",6,4,Yes,NA,NA,NA,3 or more times in a term,5- This describes our school,5- This describes our school,"No, they need a library","No, they need a classroom block or building for their library","No, this school needs a toilet","No, this school needs a borehole or other clean water solution",NA,NA,NA,NA,NA,NA,NA,NA,NA,NA,NA,NA,NA,NA,NA,NA,NA,NA,NA,NA,Yes,NA,NA,2018-11-14
2018-11-13 6:23:31,730,R_dtIb7AN7r0PFj6z,7.628581,-0.971122,George,NA,NA,NA,Old Konkompe,NA,"Routine Program Evaluation,Surveyor Team Visit",NA,800,273,13,60,Not yet only up to JHS 2,NA,18,N/A,NA,NA,N/A,0 - This school has a Junior High School,NA,NA,NA,NA,NA,NA,No,NA,No,"N/A- No lanterns are being reported lost, stolen, or broken",13,Students have 13 one with a teacher,Yes,NA,NA,NA,3 or more times in a term,5- This describes our school,5- This describes our school,"No, they need a library","No, they need a classroom block or building for their library","Yes, EPI has helped build some","No, this school needs a borehole or other clean water solution","No, this school needs more classrooms or an upgrade to their current buildings",No,NA,NA,NA,NA,NA,NA,NA,NA,NA,NA,NA,NA,NA,NA,NA,NA,NA,NA,Yes,NA,NA,2018-11-13
2018-11-13 3:37:47,1982,R_iZ8yUQOxUmMS5jo,7.662772,-0.990814,George,NA,NA,NA,Old Konkompe,NA,Routine Program Evaluation,NA,608,307,13,106,16,NA,N/A,N/A,NA,NA,N/A,3-5 km,NA,NA,NA,NA,NA,NA,"No, but they have poles or power lines",NA,No,Broken,17 broken ones replaced,17,Yes,NA,NA,NA,3 or more times in a term,5- This describes our school,5- This describes our school,"No, they need a library",Yes,"No, this school needs a toilet","Yes, another organization or the government has given them something to provide clean water","No, this school needs more classrooms or an upgrade to their current buildings",No,NA,NA,NA,NA,NA,NA,NA,NA,NA,NA,NA,NA,NA,NA,NA,NA,NA,NA,Yes,NA,NA,2018-11-13
2018-11-12 5:01:02,1211,R_e1Ljncz3Z7M8dF0,5.862917,0.032036,George,NA,NA,NA,Dedenya,NA,Routine Program Evaluation,NA,800,338,16,113,48,NA,94,33,NA,NA,11,0 - This school has a Junior High School,NA,NA,NA,NA,NA,NA,Yes,NA,No,Stolen,0,No groups,No,NA,NA,NA,1-2 times in a term,5- This describes our school,5- This describes our school,"No, they need a library","No, they need a classroom block or building for their library","Yes, another organization or the government has given them some","Yes, another organization or the government has given them something to provide clean water","Yes, they already had enough classrooms or another organization has provided them",No,NA,NA,NA,NA,NA,NA,NA,NA,NA,NA,NA,NA,NA,NA,NA,NA,NA,NA,"No, they do not need anything or they need to work on their lantern program more.",NA,NA,2018-11-12
2018-11-12 3:51:11,1907,R_oCzMPh7yGmfsS2h,5.848373,0.047051,George,NA,NA,NA,Mongpong Shai,NA,Routine Program Evaluation,NA,500,220,14,58,15,NA,46,19,NA,NA,15,0 - This school has a Junior High School,NA,NA,NA,NA,NA,NA,Yes,NA,Yes,Stolen,1,No group,No,NA,NA,NA,3 or more times in a term,5- This describes our school,5- This describes our school,"No, they need a library",Yes,"Yes, another organization or the government has given them some","Yes, another organization or the government has given them something to provide clean water","Yes, they already had enough classrooms or another organization has provided them",No,NA,NA,NA,NA,NA,NA,NA,NA,NA,NA,NA,NA,NA,NA,NA,NA,NA,NA,"No, they do not need anything or they need to work on their lantern program more.",NA,NA,2018-11-12
2019-01-18 4:16:04,965,R_1XAfpTduHxpDsVQ,5.550003052,-0.2167053223,Richard,NA,NA,NA,Bepotumtum,NA,"MGR Maintenance,Routine Program Evaluation",NA,300,85,5,35,5,NA,N/A,5,NA,0,0,1-2 km,NA,NA,NA,NA,NA,NA,"No, but they have poles or power lines",NA,Yes,"N/A- No lanterns are being reported lost, stolen, or broken",35,35,Yes,NA,NA,NA,Less than 1 time in a term,3- This describes our school a little bit,3- This describes our school a little bit,"No, they need a library",Yes,"Yes, another organization or the government has given them some","No, this school needs a borehole or other clean water solution","Yes, they already had enough classrooms or another organization has provided them",No,NA,NA,NA,NA,NA,NA,NA,NA,NA,NA,NA,NA,NA,NA,NA,NA,NA,NA,Maybe in the future,NA,NA,2019-01-18
2019-01-29 1:53:40,1721,R_kCSuqUcfuEA3pT8,6.309175,-0.671575,Richard,NA,NA,NA,Wekpeti Abresu,NA,"MGR Maintenance,Surveyor Team Visit",NA,2000,168,12,104,18,NA,64,7,NA,19,7,0 - This school has a Junior High School,NA,NA,NA,NA,NA,NA,No,NA,No,"N/A- No lanterns are being reported lost, stolen, or broken",28,28,No,NA,NA,NA,1-2 times in a term,3- This describes our school a little bit,3- This describes our school a little bit,"No, they need a library",N/A- this school already has a library,"No, this school needs a toilet","No, this school needs a borehole or other clean water solution","Yes, they already had enough classrooms or another organization has provided them",No,NA,NA,NA,NA,NA,NA,NA,NA,NA,NA,NA,NA,NA,NA,NA,NA,NA,NA,Yes,NA,NA,2019-01-29
2019-02-01 3:37:32,760,R_9G1Dj3BUoC1PERl,6.16965,-0.198609,Richard,NA,NA,NA,Akeyeremateng,NA,"MGR Maintenance,Surveyor Team Visit",NA,600,103,12,82,8,NA,29,0,NA,0,0,0 - This school has a Junior High School,NA,NA,NA,NA,NA,NA,No,NA,Yes,"Lost,Broken",12,15,Yes,NA,NA,NA,Less than 1 time in a term,3- This describes our school a little bit,3- This describes our school a little bit,"No, they need a library","No, they need a classroom block or building for their library","Yes, another organization or the government has given them some","Yes, EPI has helped them get access to clean water","No, this school needs more classrooms or an upgrade to their current buildings",No,NA,NA,NA,NA,NA,NA,NA,NA,NA,NA,NA,NA,NA,NA,NA,NA,NA,NA,Maybe in the future,NA,NA,2019-02-01
2019-02-28 8:25:50,494,R_9rdMQwWhDTdu36V,5.550201416,-0.2174072266,Richard,NA,NA,NA,Adenya,NA,"Routine Program Evaluation,Surveyor Team Visit",NA,400,162,16,47,20,NA,40,25,NA,15,25,0 - This school has a Junior High School,NA,NA,NA,NA,NA,NA,No,NA,Yes,Broken,44,40,Yes,NA,NA,NA,1-2 times in a term,3- This describes our school a little bit,5- This describes our school,"No, they need a library",Yes,"Yes, another organization or the government has given them some","Yes, another organization or the government has given them something to provide clean water","Yes, they already had enough classrooms or another organization has provided them",Yes,NA,NA,NA,NA,NA,NA,NA,NA,NA,NA,NA,NA,NA,NA,NA,NA,NA,NA,Maybe in the future,NA,NA,2019-02-28
2019-02-28 8:34:09,356,R_eCgN2glCYbjNDF6,5.550201416,-0.2174072266,Richard,NA,NA,NA,Akeyeremateng,NA,"MGR Maintenance,Routine Program Evaluation,Surveyor Team Visit",NA,200,103,12,82,12,NA,29,8,NA,20,7,0 - This school has a Junior High School,NA,NA,NA,NA,NA,NA,No,NA,Yes,Lost,15,13,Yes,NA,NA,NA,1-2 times in a term,1- This does not describe our school,5- This describes our school,"No, they need a library","No, they need a classroom block or building for their library","Yes, another organization or the government has given them some","No, this school needs a borehole or other clean water solution","No, this school needs more classrooms or an upgrade to their current buildings",Yes,NA,NA,NA,NA,NA,NA,NA,NA,NA,NA,NA,NA,NA,NA,NA,NA,NA,NA,Yes,NA,NA,2019-02-28
2019-02-28 8:40:13,505,R_jZEGUy9WTEQSXqO,5.550201416,-0.2174072266,Richard,NA,NA,NA,Attabui,NA,"Routine Program Evaluation,Surveyor Team Visit,Project Update Visit",NA,1000,244,18,76,24,NA,59,13,NA,18,13,0 - This school has a Junior High School,NA,NA,NA,NA,NA,NA,No,NA,Yes,Lost,10,10,Yes,NA,NA,NA,1-2 times in a term,3- This describes our school a little bit,5- This describes our school,"Yes, EPI has given them a library",N/A- this school already has a library,"Yes, another organization or the government has given them some","Yes, EPI has helped them get access to clean water","Yes, they already had enough classrooms or another organization has provided them",Yes,NA,NA,NA,NA,NA,NA,NA,NA,NA,NA,NA,NA,NA,NA,NA,NA,NA,NA,Maybe in the future,NA,NA,2019-02-28
2019-02-28 8:52:37,448,R_bVVtyAUPFuh3hnR,5.550201416,-0.2174072266,Richard,NA,NA,NA,Wekpeti Abresu,NA,"Routine Program Evaluation,Surveyor Team Visit,Project Update Visit",NA,NA,168,12,64,18,NA,64,7,NA,20,7,0 - This school has a Junior High School,NA,NA,NA,NA,NA,NA,No,NA,No,"N/A- No lanterns are being reported lost, stolen, or broken",28,28,Yes,NA,NA,NA,Less than 1 time in a term,3- This describes our school a little bit,3- This describes our school a little bit,"No, they need a library",Yes,"Yes, another organization or the government has given them some","Yes, another organization or the government has given them something to provide clean water","No, this school needs more classrooms or an upgrade to their current buildings",No,NA,NA,NA,NA,NA,NA,NA,NA,NA,NA,NA,NA,NA,NA,NA,NA,NA,NA,Maybe in the future,NA,NA,2019-02-28
2019-02-28 9:00:42,280,R_jtgPAMk5CbXIHea,5.550201416,-0.2174072266,Richard,NA,NA,NA,Madavunu,NA,"Routine Program Evaluation,Surveyor Team Visit,Project Update Visit",NA,1000,217,17,53,24,NA,37,17,NA,24,15,0 - This school has a Junior High School,NA,NA,NA,NA,NA,NA,Yes,NA,No,"N/A- No lanterns are being reported lost, stolen, or broken",11,11,Yes,NA,NA,NA,Less than 1 time in a term,1- This does not describe our school,3- This describes our school a little bit,"No, they need a library",Yes,"Yes, another organization or the government has given them some","Yes, another organization or the government has given them something to provide clean water","Yes, they already had enough classrooms or another organization has provided them",Yes,NA,NA,NA,NA,NA,NA,NA,NA,NA,NA,NA,NA,NA,NA,NA,NA,NA,NA,Maybe in the future,NA,NA,2019-02-28
2019-02-28 9:05:38,272,R_bJpkHkMiMNxLgiU,5.550201416,-0.2174072266,Richard,NA,NA,NA,Terhey,NA,"MGR Maintenance,Routine Program Evaluation,Surveyor Team Visit",NA,NA,207,12,57,10,NA,41,8,NA,26,8,0 - This school has a Junior High School,NA,NA,NA,NA,NA,NA,Yes,NA,No,"N/A- No lanterns are being reported lost, stolen, or broken",8,8,Yes,NA,NA,NA,Less than 1 time in a term,1- This does not describe our school,3- This describes our school a little bit,"No, they need a library","No, they need a classroom block or building for their library","No, this school needs a toilet","No, this school needs a borehole or other clean water solution","No, this school needs more classrooms or an upgrade to their current buildings",Yes,NA,NA,NA,NA,NA,NA,NA,NA,NA,NA,NA,NA,NA,NA,NA,NA,NA,NA,"No, they do not need anything or they need to work on their lantern program more.",NA,NA,2019-02-28
2019-03-21 5:43:57,316,R_6PffnywPhPlOl6r,7.125675,-0.676184,Richard,NA,NA,NA,TumTum,NA,"MGR Maintenance,Routine Program Evaluation,Surveyor Team Visit",NA,600,188,17,62,8,NA,34,0,NA,0,0,0 - This school has a Junior High School,NA,NA,NA,NA,NA,NA,No,NA,No,"N/A- No lanterns are being reported lost, stolen, or broken",17 added 13 more,30,Yes,NA,NA,NA,1-2 times in a term,3- This describes our school a little bit,3- This describes our school a little bit,"No, they need a library",Yes,"Yes, another organization or the government has given them some","Yes, EPI has helped them get access to clean water","No, this school needs more classrooms or an upgrade to their current buildings",No,NA,NA,NA,NA,NA,NA,NA,NA,NA,NA,NA,NA,NA,NA,NA,NA,NA,NA,Yes,NA,NA,2019-03-21
2019-03-25 3:39:54,335,R_4SzHoE7XKbui91c,5.550201416,-0.2174072266,Richard,NA,NA,NA,Essam Golden Sunbeam Montessori School,NA,"Routine Program Evaluation,Surveyor Team Visit,Project Update Visit",NA,NA,96,9,29,4,NA,11,0,NA,0,0,0 - This school has a Junior High School,NA,NA,NA,NA,NA,NA,Yes,NA,No,"N/A- No lanterns are being reported lost, stolen, or broken",8,8,Yes,NA,NA,NA,Less than 1 time in a term,1- This does not describe our school,1- This does not describe our school,"Yes, another organization or the government has given them a library",N/A- this school already has a library,"Yes, another organization or the government has given them some","Yes, EPI has helped them get access to clean water","Yes, EPI has built enough classrooms for them to use",No,NA,NA,NA,NA,NA,NA,NA,NA,NA,NA,NA,NA,NA,NA,NA,NA,NA,NA,Maybe in the future,NA,NA,2019-03-25
2019-03-20 1:55:52,763,R_15w7Iefzd8d5f4q,7.019192,-1.1178,Richard,NA,NA,NA,Dagomba,NA,"MGR Maintenance,Routine Program Evaluation,Surveyor Team Visit",NA,NA,458,26,366,32,NA,92,17,NA,20,17,0 - This school has a Junior High School,NA,NA,NA,NA,NA,NA,No,NA,Yes,"Stolen,Broken",28,43,Yes,NA,NA,NA,1-2 times in a term,3- This describes our school a little bit,3- This describes our school a little bit,"Yes, EPI has given them a library",N/A- this school already has a library,"Yes, another organization or the government has given them some","No, this school needs a borehole or other clean water solution","Yes, they already had enough classrooms or another organization has provided them",No,NA,NA,NA,NA,NA,NA,NA,NA,NA,NA,NA,NA,NA,NA,NA,NA,NA,NA,Maybe in the future,NA,NA,2019-03-20
2019-03-21 3:36:24,445,R_2ekVikvtSOZaXFj,7.123133,-0.795253,Richard,NA,NA,NA,Mosipanin,NA,"Routine Program Evaluation,Surveyor Team Visit",NA,NA,122,16,31,9,NA,20,NA,NA,NA,NA,0 - This school has a Junior High School,NA,NA,NA,NA,NA,NA,No,NA,No,"N/A- No lanterns are being reported lost, stolen, or broken",NA,NA,No,NA,NA,NA,Less than 1 time in a term,3- This describes our school a little bit,3- This describes our school a little bit,"No, they need a library","No, they need a classroom block or building for their library","No, this school needs a toilet","Yes, another organization or the government has given them something to provide clean water","No, this school needs more classrooms or an upgrade to their current buildings",No,NA,NA,NA,NA,NA,NA,NA,NA,NA,NA,NA,NA,NA,NA,NA,NA,NA,NA,Yes,NA,NA,2019-03-21
2019-05-21 5:10:58,697,R_kwe4KMgsWWV0FRC,7.12295,-0.795417,Richard,NA,NA,NA,Mosipanin,NA,"Routine Program Evaluation,Surveyor Team Visit",NA,650,175,16,31,2,NA,20,2,NA,19,2,0 - This school has a Junior High School,NA,NA,NA,NA,NA,NA,No,NA,No,"N/A- No lanterns are being reported lost, stolen, or broken",23,23,No,NA,NA,NA,1-2 times in a term,3- This describes our school a little bit,3- This describes our school a little bit,"No, they need a library","No, they need a classroom block or building for their library","No, this school needs a toilet","Yes, EPI has helped them get access to clean water","No, this school needs more classrooms or an upgrade to their current buildings",No,NA,NA,NA,NA,NA,NA,NA,NA,NA,NA,NA,NA,NA,NA,NA,NA,NA,NA,Maybe in the future,NA,NA,2019-05-21
2019-05-22 3:38:33,747,R_77ZhwQWxZvIvKp3,7.125553,-0.676183,Richard,NA,NA,NA,TumTum,NA,"Routine Program Evaluation,Surveyor Team Visit,Project Update Visit",NA,550,188,18,62,8,NA,34,16,NA,19,10,0 - This school has a Junior High School,NA,NA,NA,NA,NA,NA,No,NA,No,"N/A- No lanterns are being reported lost, stolen, or broken",0,0,Yes,NA,NA,NA,Less than 1 time in a term,3- This describes our school a little bit,3- This describes our school a little bit,"No, they need a library","No, they need a classroom block or building for their library","Yes, another organization or the government has given them some","Yes, EPI has helped them get access to clean water","No, this school needs more classrooms or an upgrade to their current buildings",No,NA,NA,NA,NA,NA,NA,NA,NA,NA,NA,NA,NA,NA,NA,NA,NA,NA,NA,Maybe in the future,NA,NA,2019-05-22
2019-05-23 7:34:56,930,R_43bOh0jn2OaY30P,6.537245,-0.605793,Richard,NA,NA,NA,Ntomem,NA,"Routine Program Evaluation,Surveyor Team Visit,Project Update Visit",NA,880,450,21,178,42,NA,74,34,NA,20,30,1-2 km,NA,NA,NA,NA,NA,NA,No,NA,No,"N/A- No lanterns are being reported lost, stolen, or broken",42,37,Yes,NA,NA,NA,Less than 1 time in a term,3- This describes our school a little bit,3- This describes our school a little bit,"No, they need a library",Yes,"No, this school needs a toilet","Yes, another organization or the government has given them something to provide clean water","No, this school needs more classrooms or an upgrade to their current buildings",No,NA,NA,NA,NA,NA,NA,NA,NA,NA,NA,NA,NA,NA,NA,NA,NA,NA,NA,Maybe in the future,NA,NA,2019-05-23
2019-05-27 4:21:49,852,R_0kdcgdjTWqSdHTI,6.357977,-0.662518,Richard,NA,NA,NA,Adenya,NA,"Routine Program Evaluation,Surveyor Team Visit,Project Update Visit",NA,400,90,13,47,12,NA,22,12,NA,26,25,0 - This school has a Junior High School,NA,NA,NA,NA,NA,NA,No,NA,Yes,"N/A- No lanterns are being reported lost, stolen, or broken",0,NA,Yes,NA,NA,NA,1-2 times in a term,3- This describes our school a little bit,3- This describes our school a little bit,"No, they need a library","No, they need a classroom block or building for their library","No, this school needs a toilet","Yes, another organization or the government has given them something to provide clean water",NA,Yes,NA,NA,NA,NA,NA,NA,NA,NA,NA,NA,NA,NA,NA,NA,NA,NA,NA,NA,Yes,NA,NA,2019-05-27
2019-07-04 4:11:22,4621,R_e9QPdEyxCWm2lje,6.316398,-0.016842,Other,Obelemaya,NA,NA,Oblemanya,NA,"Routine Program Evaluation,Surveyor Team Visit",NA,500,82,10,23,7,NA,11,5,NA,NA,2,0 - This school has a Junior High School,NA,NA,NA,NA,NA,NA,No,NA,No,"N/A- No lanterns are being reported lost, stolen, or broken",15,9 groups Teacher have,Yes,NA,NA,NA,N/A- They do not have science kits yet.,NA,NA,"No, they need a library","No, they need a classroom block or building for their library","Yes, another organization or the government has given them some","No, this school needs a borehole or other clean water solution","No, this school needs more classrooms or an upgrade to their current buildings",No,NA,NA,NA,NA,NA,NA,NA,NA,NA,NA,NA,NA,NA,NA,NA,NA,NA,NA,Yes,NA,NA,2019-07-04
2019-09-16 3:32:53,1245,R_jv2weNn8e1nE64E,6.537209,-0.605931,Richard,NA,NA,NA,Ntomem,NA,"Routine Program Evaluation,Surveyor Team Visit,Project Update Visit",NA,NA,12,NA,40,40,NA,100,34,NA,24,34,0 - This school has a Junior High School,NA,NA,NA,NA,NA,NA,Yes,NA,Yes,"Lost,Stolen",25,23,Yes,NA,NA,NA,1-2 times in a term,3- This describes our school a little bit,5- This describes our school,"No, they need a library",Yes,"Yes, another organization or the government has given them some","Yes, another organization or the government has given them something to provide clean water","Yes, they already had enough classrooms or another organization has provided them",Yes,NA,NA,NA,NA,NA,NA,NA,NA,NA,NA,NA,NA,NA,NA,NA,NA,NA,NA,Yes,NA,NA,2019-09-16
2019-09-19 6:18:40,2624,R_cAFRsOsC9JHgJ8g,6.158452,-0.338149,Richard,NA,NA,NA,Mpaem,NA,"Routine Program Evaluation,Surveyor Team Visit,Project Update Visit",NA,719,124,15,40,10,NA,20,18,NA,15,16,0 - This school has a Junior High School,NA,NA,NA,NA,NA,NA,Yes,NA,Yes,"Stolen,Broken",37,4,Yes,NA,NA,NA,Less than 1 time in a term,3- This describes our school a little bit,3- This describes our school a little bit,"Yes, EPI has given them a library",N/A- this school already has a library,"Yes, another organization or the government has given them some","Yes, EPI has helped them get access to clean water","Yes, they already had enough classrooms or another organization has provided them",Yes,NA,NA,NA,NA,NA,NA,NA,NA,NA,NA,NA,NA,NA,NA,NA,NA,NA,NA,Maybe in the future,NA,NA,2019-09-19
2019-09-20 5:27:26,638,R_n2iuCwy7rXSolFc,6.309076,-0.671689,Richard,NA,NA,NA,Wekpeti Abresu,NA,"Routine Program Evaluation,Surveyor Team Visit,Project Update Visit",NA,NA,225,11,147,28,NA,66,15,NA,15,15,0 - This school has a Junior High School,NA,NA,NA,NA,NA,NA,No,NA,Yes,Broken,28,35,Yes,NA,NA,NA,Less than 1 time in a term,3- This describes our school a little bit,3- This describes our school a little bit,"No, they need a library",Yes,"Yes, another organization or the government has given them some","Yes, EPI has helped them get access to clean water","Yes, they already had enough classrooms or another organization has provided them",Yes,NA,NA,NA,NA,NA,NA,NA,NA,NA,NA,NA,NA,NA,NA,NA,NA,NA,NA,Maybe in the future,NA,NA,2019-09-20
2019-09-24 4:22:54,970,R_axQyrDd8SLW5Iht,6.990243,-1.099337,Richard,NA,NA,NA,Wenamda D/A Primary School,NA,"Routine Program Evaluation,Surveyor Team Visit,Project Update Visit",NA,736,227,8,47,N/A,NA,N/A,N/A,NA,N/A,N/A,3-5 km,NA,NA,NA,NA,NA,NA,No,NA,No,"N/A- No lanterns are being reported lost, stolen, or broken",22,22,Yes,NA,NA,NA,N/A- They do not have science kits yet.,NA,NA,"No, they need a library","No, they need a classroom block or building for their library","No, this school needs a toilet","Yes, another organization or the government has given them something to provide clean water","No, this school needs more classrooms or an upgrade to their current buildings",Other,NA,NA,NA,NA,NA,NA,NA,NA,NA,NA,NA,NA,NA,NA,NA,NA,NA,NA,"No, they do not need anything or they need to work on their lantern program more.",NA,NA,2019-09-24
2019-09-24 7:07:00,1880,R_c4uUv6hZSDgOXer,7.019154,-1.1177,Richard,NA,NA,NA,Dagomba,NA,"Routine Program Evaluation,Surveyor Team Visit,Project Update Visit",NA,NA,NA,21,135,38,NA,92,28,NA,17,20,0 - This school has a Junior High School,NA,NA,NA,NA,NA,NA,No,NA,Yes,"Lost,Broken",34,43,Yes,NA,NA,NA,1-2 times in a term,3- This describes our school a little bit,1- This does not describe our school,"Yes, EPI has given them a library",N/A- this school already has a library,"Yes, another organization or the government has given them some","Yes, another organization or the government has given them something to provide clean water","Yes, they already had enough classrooms or another organization has provided them",Yes,NA,NA,NA,NA,NA,NA,NA,NA,NA,NA,NA,NA,NA,NA,NA,NA,NA,NA,Maybe in the future,NA,NA,2019-09-24
2019-09-25 4:08:35,3980,R_6KZ8sVSffruPuYE,6.849302,-1.135461,Richard,NA,NA,NA,Bahankra,NA,"Routine Program Evaluation,Surveyor Team Visit,Project Update Visit",NA,720,372,16,88,34,NA,69,7,NA,12,2,0 - This school has a Junior High School,NA,NA,NA,NA,NA,NA,No,NA,Yes,Lost,28,0,Yes,NA,NA,NA,1-2 times in a term,1- This does not describe our school,1- This does not describe our school,"Yes, EPI has given them a library",N/A- this school already has a library,"Yes, EPI has helped build some","Yes, EPI has helped them get access to clean water","Yes, EPI has built enough classrooms for them to use",Yes,NA,NA,NA,NA,NA,NA,NA,NA,NA,NA,NA,NA,NA,NA,NA,NA,NA,NA,Maybe in the future,NA,NA,2019-09-25
2019-09-26 5:23:11,902,R_8KdedyVYCJ2YBsO,6.371953,-1.063712,Richard,NA,NA,NA,Bepotumtum,NA,"MGR Maintenance,Routine Program Evaluation,Surveyor Team Visit,Project Update Visit",NA,567,98,5,NA,10,NA,10,0,NA,0,0,0 - This school has a Junior High School,NA,NA,NA,NA,NA,NA,Yes,NA,Yes,NA,NA,0,Yes,NA,NA,NA,1-2 times in a term,3- This describes our school a little bit,3- This describes our school a little bit,"No, they need a library",Yes,"Yes, another organization or the government has given them some","Yes, another organization or the government has given them something to provide clean water","No, this school needs more classrooms or an upgrade to their current buildings",Yes,NA,NA,NA,NA,NA,NA,NA,NA,NA,NA,NA,NA,NA,NA,NA,NA,NA,NA,Maybe in the future,NA,NA,2019-09-26
2019-09-30 5:38:51,1699,R_f3PvTYy7dS6rTdp,5.964973,-0.175062,Richard,NA,NA,NA,Adenya,NA,"Routine Program Evaluation,Surveyor Team Visit,Project Update Visit",NA,450,120,15,41,14,NA,34,19,NA,18,15,0 - This school has a Junior High School,NA,NA,NA,NA,NA,NA,No,NA,No,"N/A- No lanterns are being reported lost, stolen, or broken",0,NA,Yes,NA,NA,NA,1-2 times in a term,3- This describes our school a little bit,3- This describes our school a little bit,"Yes, EPI has given them a library",N/A- this school already has a library,"Yes, another organization or the government has given them some","Yes, another organization or the government has given them something to provide clean water","Yes, they already had enough classrooms or another organization has provided them",Yes,NA,NA,NA,NA,NA,NA,NA,NA,NA,NA,NA,NA,NA,NA,NA,NA,NA,NA,Maybe in the future,NA,NA,2019-09-30
2019-10-04 3:18:56,2131,R_6gFmA4VYbQrTQIw,7.12557,-0.67617,Richard,NA,NA,NA,TumTum,NA,"MGR Maintenance,Routine Program Evaluation,Surveyor Team Visit,Project Update Visit",NA,500,160,16,40,9,NA,NA,13,NA,21,13,0 - This school has a Junior High School,NA,NA,NA,NA,NA,NA,No,NA,No,NA,0,30,Yes,NA,NA,NA,Less than 1 time in a term,3- This describes our school a little bit,3- This describes our school a little bit,"No, they need a library",Yes,"Yes, another organization or the government has given them some","Yes, EPI has helped them get access to clean water","Yes, they already had enough classrooms or another organization has provided them",Yes,NA,NA,NA,NA,NA,NA,NA,NA,NA,NA,NA,NA,NA,NA,NA,NA,NA,NA,Maybe in the future,NA,NA,2019-10-04
2019-10-04 5:34:33,1535,R_kVsw1ByIFwTipNr,7.122849,-0.795761,Richard,NA,NA,NA,Mosipanin,NA,"MGR Maintenance,Routine Program Evaluation,Surveyor Team Visit,Project Update Visit",NA,574,160,12,55,8,NA,20,7,NA,24,24,0 - This school has a Junior High School,NA,NA,NA,NA,NA,NA,No,NA,Yes,Lost,18,18,Yes,NA,NA,NA,Less than 1 time in a term,3- This describes our school a little bit,3- This describes our school a little bit,"No, they need a library",Yes,"Yes, another organization or the government has given them some","Yes, EPI has helped them get access to clean water","No, this school needs more classrooms or an upgrade to their current buildings",No,NA,NA,NA,NA,NA,NA,NA,NA,NA,NA,NA,NA,NA,NA,NA,NA,NA,NA,Maybe in the future,NA,NA,2019-10-04
2019-09-18 2:45:57,8088,R_3IBJlgfnrNvnLOL,7.290934,-2.405226,George,NA,NA,NA,Nwawasua M/A School,NA,"Routine Program Evaluation,Surveyor Team Visit,Other",Menstrual kits,1900,520,21,NA,28,NA,60,15,NA,18,14,0 - This school has a Junior High School,NA,NA,NA,NA,NA,NA,Yes,NA,Yes,"Lost,Broken",28 stolen and lost replaced,26 two with teachers,Yes,NA,NA,NA,3 or more times in a term,1- This does not describe our school,1- This does not describe our school,"Yes, EPI has given them a library",N/A- this school already has a library,"Yes, another organization or the government has given them some","Yes, another organization or the government has given them something to provide clean water","Yes, they already had enough classrooms or another organization has provided them",Yes,NA,NA,NA,NA,NA,NA,NA,NA,NA,NA,NA,NA,NA,NA,NA,NA,NA,NA,"No, they do not need anything or they need to work on their lantern program more.",NA,NA,2019-09-18
2019-09-20 6:24:31,1117,R_82sGL9MKkCofRLf,5.946174,-0.326538,George,NA,NA,NA,Afransua Dedewa M/A Primary School,NA,"Routine Program Evaluation,Surveyor Team Visit",NA,900,119,4,43,8,NA,N/A,N/A,NA,N/A,N_A,3-5 km,NA,NA,NA,NA,NA,NA,Yes,NA,No,NA,2i,NA,Yes,NA,NA,NA,3 or more times in a term,5- This describes our school,1- This does not describe our school,"Yes, another organization or the government has given them a library","No, they need a classroom block or building for their library","Yes, another organization or the government has given them some","Yes, another organization or the government has given them something to provide clean water","No, this school needs more classrooms or an upgrade to their current buildings",No,NA,NA,NA,NA,NA,NA,NA,NA,NA,NA,NA,NA,NA,NA,NA,NA,NA,NA,Yes,NA,NA,2019-09-20
2019-09-24 4:30:01,846,R_bpKl2yPoK6zyIuQ,5.121509,-1.951514,George,NA,NA,NA,Community School 3,NA,"Routine Program Evaluation,Surveyor Team Visit,Project Update Visit",NA,50p,155,7,42,NA,NA,31,26,NA,13,9,0 - This school has a Junior High School,NA,NA,NA,NA,NA,NA,No,NA,No,"N/A- No lanterns are being reported lost, stolen, or broken",20,17,Yes,NA,NA,NA,3 or more times in a term,5- This describes our school,5- This describes our school,"No, they need a library","No, they need a classroom block or building for their library","No, this school needs a toilet","Yes, another organization or the government has given them something to provide clean water","Yes, EPI has built enough classrooms for them to use",No,NA,NA,NA,NA,NA,NA,NA,NA,NA,NA,NA,NA,NA,NA,NA,NA,NA,NA,Maybe in the future,NA,NA,2019-09-24
2019-10-04 3:50:07,1462,R_j3uZGEGPn7Ye7Zn,5.903014,-0.522306,George,NA,NA,NA,Wurudu Wurudu,NA,"Routine Program Evaluation,Surveyor Team Visit",NA,1300,182,8,38,14,NA,34,12,NA,27,3,0 - This school has a Junior High School,NA,NA,NA,NA,NA,NA,Yes,NA,No,NA,2,0 2 for the teachers,No,NA,NA,NA,3 or more times in a term,5- This describes our school,5- This describes our school,"Yes, EPI has given them a library",N/A- this school already has a library,"Yes, EPI has helped build some","Yes, EPI has helped them get access to clean water","Yes, EPI has built enough classrooms for them to use",Yes,NA,NA,NA,NA,NA,NA,NA,NA,NA,NA,NA,NA,NA,NA,NA,NA,NA,NA,"No, they do not need anything or they need to work on their lantern program more.",NA,NA,2019-10-04
2019-10-10 5:20:55,916,R_mYEwGN7lcmnwZgN,5.961679,-0.537501,George,NA,NA,NA,Fawotrikosie,NA,"Routine Program Evaluation,Surveyor Team Visit",NA,1000,163,9,41,14,NA,42,14,NA,29,13,0 - This school has a Junior High School,NA,NA,NA,NA,NA,NA,Yes,NA,No,NA,10,9 one with teachers,Yes,NA,NA,NA,3 or more times in a term,5- This describes our school,5- This describes our school,"Yes, EPI has given them a library",N/A- this school already has a library,"Yes, another organization or the government has given them some","Yes, EPI has helped them get access to clean water","Yes, EPI has built enough classrooms for them to use",Yes,NA,NA,NA,NA,NA,NA,NA,NA,NA,NA,NA,NA,NA,NA,NA,NA,NA,NA,Maybe in the future,NA,NA,2019-10-10
2019-10-18 0:41:33,943,R_jIpCdeNstsevdm3,6.004923,0.4248,George,NA,NA,NA,Terhey,NA,"MGR Maintenance,Routine Program Evaluation,Surveyor Team Visit",NA,450,215,9,67,11,NA,45,7,NA,18,7,0 - This school has a Junior High School,NA,NA,NA,NA,NA,NA,Yes,NA,No,NA,8,8,Yes,NA,NA,NA,Less than 1 time in a term,3- This describes our school a little bit,3- This describes our school a little bit,"No, they need a library",Yes,"Yes, another organization or the government has given them some","Yes, another organization or the government has given them something to provide clean water","Yes, they already had enough classrooms or another organization has provided them",No,NA,NA,NA,NA,NA,NA,NA,NA,NA,NA,NA,NA,NA,NA,NA,NA,NA,NA,"No, they do not need anything or they need to work on their lantern program more.",NA,NA,2019-10-18
2019-10-18 3:20:43,692,R_gHiel29fByjOW8j,5.550201416,-0.2174072266,George,NA,NA,NA,Madavunu,NA,"Routine Program Evaluation,Surveyor Team Visit",NA,800,219,NA,54,10,NA,30,11,NA,16,11,0 - This school has a Junior High School,NA,NA,NA,NA,NA,NA,Yes,NA,No,NA,11,11,Yes,NA,NA,NA,3 or more times in a term,5- This describes our school,5- This describes our school,"No, they need a library",Yes,"Yes, another organization or the government has given them some","Yes, another organization or the government has given them something to provide clean water","No, this school needs more classrooms or an upgrade to their current buildings",Yes,NA,NA,NA,NA,NA,NA,NA,NA,NA,NA,NA,NA,NA,NA,NA,NA,NA,NA,"No, they do not need anything or they need to work on their lantern program more.",NA,NA,2019-10-18
2019-10-07 6:30:51,946,R_7OVN9fjIOq9Jbgi,5.952576,0.370627,Richard,NA,NA,NA,Amuyaokope,NA,"MGR Maintenance,Routine Program Evaluation,Surveyor Team Visit,Project Update Visit",NA,810,280,13,105,26,NA,32,13,NA,14,14,0 - This school has a Junior High School,NA,NA,NA,NA,NA,NA,Yes,NA,Yes,Broken,15,0,Yes,NA,NA,NA,Less than 1 time in a term,3- This describes our school a little bit,3- This describes our school a little bit,"Yes, another organization or the government has given them a library",Yes,"Yes, another organization or the government has given them some","Yes, another organization or the government has given them something to provide clean water","Yes, they already had enough classrooms or another organization has provided them",Yes,NA,NA,NA,NA,NA,NA,NA,NA,NA,NA,NA,NA,NA,NA,NA,NA,NA,NA,Maybe in the future,NA,NA,2019-10-07
2019-10-08 5:58:39,696,R_ijzjetX75Axt3cx,5.820569,0.629786,Richard,NA,NA,NA,Pediatorkope,NA,"Routine Program Evaluation,Surveyor Team Visit,Project Update Visit",NA,750,560,12,230,27,NA,150,45,NA,25,45,0 - This school has a Junior High School,NA,NA,NA,NA,NA,NA,No,NA,No,"N/A- No lanterns are being reported lost, stolen, or broken",0,43,Yes,NA,NA,NA,1-2 times in a term,3- This describes our school a little bit,3- This describes our school a little bit,"Yes, another organization or the government has given them a library",Yes,"Yes, another organization or the government has given them some","No, this school needs a borehole or other clean water solution","Yes, they already had enough classrooms or another organization has provided them",Yes,NA,NA,NA,NA,NA,NA,NA,NA,NA,NA,NA,NA,NA,NA,NA,NA,NA,NA,Maybe in the future,NA,NA,2019-10-08
2019-10-10 6:05:48,710,R_nC8NuPqFfIrvMDd,6.690965,0.098396,Richard,NA,NA,NA,Galalia D/A Primary School,NA,"Routine Program Evaluation,Surveyor Team Visit,Project Update Visit",NA,NA,295,3,87,0,NA,0,0,NA,0,0,The closest JHS is greater than 6 km distance from the school,NA,NA,NA,NA,NA,NA,Yes,NA,Yes,Broken,24,0,Yes,NA,NA,NA,N/A- They do not have science kits yet.,NA,NA,"No, they need a library","No, they need a classroom block or building for their library","No, this school needs a toilet","No, this school needs a borehole or other clean water solution","No, this school needs more classrooms or an upgrade to their current buildings",Other,NA,NA,NA,NA,NA,NA,NA,NA,NA,NA,NA,NA,NA,NA,NA,NA,NA,NA,Maybe in the future,NA,NA,2019-10-10
2019-10-15 7:13:13,594,R_4E9DtaPAs2B6OPX,5.57843,-0.881845,Richard,NA,NA,NA,Mansokwa,NA,"Routine Program Evaluation,Surveyor Team Visit,Project Update Visit",NA,1500,182,16,51,18,NA,38,16,NA,24,24,0 - This school has a Junior High School,NA,NA,NA,NA,NA,NA,No,NA,Yes,Broken,34,0,Yes,NA,NA,NA,N/A- They do not have science kits yet.,NA,NA,"No, they need a library",Yes,"Yes, another organization or the government has given them some","Yes, another organization or the government has given them something to provide clean water","Yes, they already had enough classrooms or another organization has provided them",Yes,NA,NA,NA,NA,NA,NA,NA,NA,NA,NA,NA,NA,NA,NA,NA,NA,NA,NA,Maybe in the future,NA,NA,2019-10-15
2019-10-23 4:32:14,651,R_k8RgnJKAnKz0nhI,6.169744,-0.198665,Richard,NA,NA,NA,Akeyeremateng,NA,"Routine Program Evaluation,Surveyor Team Visit,Project Update Visit",NA,450,106,11,19,7,NA,30,7,NA,33,33,0 - This school has a Junior High School,NA,NA,NA,NA,NA,NA,No,NA,Yes,Broken,12,13,Yes,NA,NA,NA,1-2 times in a term,5- This describes our school,5- This describes our school,"No, they need a library","No, they need a classroom block or building for their library","Yes, another organization or the government has given them some","No, this school needs a borehole or other clean water solution","No, this school needs more classrooms or an upgrade to their current buildings",Yes,NA,NA,NA,NA,NA,NA,NA,NA,NA,NA,NA,NA,NA,NA,NA,NA,NA,NA,Maybe in the future,NA,NA,2019-10-23
2019-11-05 5:53:34,945,R_fefsnhTDwVd3y5M,6.017671,-0.976202,Richard,NA,NA,NA,Essam Golden Sunbeam Montessori School,NA,"Routine Program Evaluation,Surveyor Team Visit,Project Update Visit",NA,1200,120,7,50,17,NA,31,0,NA,0,0,0 - This school has a Junior High School,NA,NA,NA,NA,NA,NA,Yes,NA,No,"N/A- No lanterns are being reported lost, stolen, or broken",0,0,Yes,NA,NA,NA,1-2 times in a term,3- This describes our school a little bit,3- This describes our school a little bit,"Yes, another organization or the government has given them a library",N/A- this school already has a library,"Yes, another organization or the government has given them some","Yes, another organization or the government has given them something to provide clean water","Yes, they already had enough classrooms or another organization has provided them",No,NA,NA,NA,NA,NA,NA,NA,NA,NA,NA,NA,NA,NA,NA,NA,NA,NA,NA,Maybe in the future,NA,NA,2019-11-05
2020-01-14 6:38:04,653,R_khceX6hjtXo6lqX,7.189423,0.034181,Richard,NA,NA,NA,Ador Kope,NA,"Routine Program Evaluation,Surveyor Team Visit,Project Update Visit",NA,350,166,6,102,16,NA,N/A,N/A,NA,N/A,N/A,0 - This school has a Junior High School,NA,NA,NA,NA,NA,NA,No,NA,No,"N/A- No lanterns are being reported lost, stolen, or broken",14,14,Yes,NA,NA,NA,1-2 times in a term,5- This describes our school,5- This describes our school,"No, they need a library",Yes,"Yes, another organization or the government has given them some","No, this school needs a borehole or other clean water solution","No, this school needs more classrooms or an upgrade to their current buildings",No,NA,NA,NA,NA,NA,NA,NA,NA,NA,NA,NA,NA,NA,NA,NA,NA,NA,NA,Maybe in the future,NA,NA,2020-01-14
2020-01-15 5:22:36,508,R_8CVufmpSYPXhbsR,7.057897,0.120174,Richard,NA,NA,NA,Zippo Nyuinyui R/C,NA,"Routine Program Evaluation,Surveyor Team Visit,Project Update Visit",NA,NA,240,9,100,13,NA,24,N/A,NA,N/A,N/A,0 - This school has a Junior High School,NA,NA,NA,NA,NA,NA,No,NA,Yes,Broken,19,17,Yes,NA,NA,NA,N/A- They do not have science kits yet.,NA,NA,"No, they need a library","No, they need a classroom block or building for their library","Yes, another organization or the government has given them some","No, this school needs a borehole or other clean water solution","No, this school needs more classrooms or an upgrade to their current buildings",Yes,NA,NA,NA,NA,NA,NA,NA,NA,NA,NA,NA,NA,NA,NA,NA,NA,NA,NA,Maybe in the future,NA,NA,2020-01-15
2020-01-16 6:26:39,551,R_63FcO0gpKV3NTfY,6.977297,0.121518,Richard,NA,NA,NA,Kpala Private School (IOHCA),NA,"Routine Program Evaluation,Surveyor Team Visit,Project Update Visit",NA,1700,111,6,25,N/A,NA,0,N/A,NA,0,N/A,The closest JHS is greater than 6 km distance from the school,NA,NA,NA,NA,NA,NA,No,NA,No,Broken,19,17,Yes,NA,NA,NA,Less than 1 time in a term,3- This describes our school a little bit,3- This describes our school a little bit,"No, they need a library","No, they need a classroom block or building for their library","Yes, another organization or the government has given them some","No, this school needs a borehole or other clean water solution","No, this school needs more classrooms or an upgrade to their current buildings",Yes,NA,NA,NA,NA,NA,NA,NA,NA,NA,NA,NA,NA,NA,NA,NA,NA,NA,NA,Maybe in the future,NA,NA,2020-01-16
2020-01-20 5:48:39,671,R_aw8qLQugYa7TucI,6.371904,-1.063612,Richard,NA,NA,NA,Bepotumtum,NA,"Routine Program Evaluation,Surveyor Team Visit,Project Update Visit",NA,600,95,6,54,10,NA,10,N/A,NA,N/A,N/A,0 - This school has a Junior High School,NA,NA,NA,NA,NA,NA,Yes,NA,No,"N/A- No lanterns are being reported lost, stolen, or broken",35,35,Yes,NA,NA,NA,1-2 times in a term,3- This describes our school a little bit,3- This describes our school a little bit,"No, they need a library","No, they need a classroom block or building for their library","Yes, another organization or the government has given them some","No, this school needs a borehole or other clean water solution","No, this school needs more classrooms or an upgrade to their current buildings",Yes,NA,NA,NA,NA,NA,NA,NA,NA,NA,NA,NA,NA,NA,NA,NA,NA,NA,NA,Maybe in the future,NA,NA,2020-01-20
2020-01-21 4:00:48,646,R_9cP5l2BoXBKx8iW,6.309235,-0.671636,Richard,NA,NA,NA,Wekpeti Abresu,NA,"MGR Maintenance,Routine Program Evaluation,Surveyor Team Visit,Project Update Visit",NA,600,217,11,80,19,NA,64,NA,NA,NA,NA,0 - This school has a Junior High School,NA,NA,NA,NA,NA,NA,"No, but they have poles or power lines",NA,Yes,Broken,NA,29,Yes,NA,NA,NA,1-2 times in a term,3- This describes our school a little bit,3- This describes our school a little bit,"No, they need a library",Yes,"No, this school needs a toilet","Yes, EPI has helped them get access to clean water","Yes, they already had enough classrooms or another organization has provided them",Yes,NA,NA,NA,NA,NA,NA,NA,NA,NA,NA,NA,NA,NA,NA,NA,NA,NA,NA,Maybe in the future,NA,NA,2020-01-21
2020-01-22 6:14:35,487,R_loE3CEn1YgeVMQ3,6.358399,-0.662707,Richard,NA,NA,NA,Abrenya,NA,"MGR Maintenance,Routine Program Evaluation,Surveyor Team Visit,Project Update Visit",NA,500,200,10,89,NA,NA,30,NA,NA,NA,NA,0 - This school has a Junior High School,NA,NA,NA,NA,NA,NA,"No, but they have poles or power lines",NA,Yes,"N/A- No lanterns are being reported lost, stolen, or broken",30,25,Yes,NA,NA,NA,Less than 1 time in a term,3- This describes our school a little bit,3- This describes our school a little bit,"No, they need a library","No, they need a classroom block or building for their library","No, this school needs a toilet","No, this school needs a borehole or other clean water solution","No, this school needs more classrooms or an upgrade to their current buildings",Yes,NA,NA,NA,NA,NA,NA,NA,NA,NA,NA,NA,NA,NA,NA,NA,NA,NA,NA,Maybe in the future,NA,NA,2020-01-22
2020-01-24 5:55:01,395,R_8sXlOAEssTVxJ1x,6.541255,-0.605852,Richard,NA,NA,NA,Ntomem,NA,"MGR Maintenance,Routine Program Evaluation,Surveyor Team Visit,Project Update Visit",NA,1500,707,15,350,43,NA,117,NA,NA,NA,NA,1-2 km,NA,NA,NA,NA,NA,NA,No,NA,No,NA,43,22,No,NA,NA,NA,Less than 1 time in a term,3- This describes our school a little bit,3- This describes our school a little bit,"No, they need a library",N/A- this school already has a library,"No, this school needs a toilet","No, this school needs a borehole or other clean water solution","No, this school needs more classrooms or an upgrade to their current buildings",Yes,NA,NA,NA,NA,NA,NA,NA,NA,NA,NA,NA,NA,NA,NA,NA,NA,NA,NA,Maybe in the future,NA,NA,2020-01-24
2020-02-11 3:09:55,537,R_czn64h3aLXLRlwb,5.965113,-0.175305,Richard,NA,NA,NA,Adenya,NA,"Routine Program Evaluation,Surveyor Team Visit,Project Update Visit",NA,NA,185,16,58,10,NA,45,NA,NA,NA,NA,0 - This school has a Junior High School,NA,NA,NA,NA,NA,NA,Yes,NA,No,"N/A- No lanterns are being reported lost, stolen, or broken",NA,NA,Yes,NA,NA,NA,Less than 1 time in a term,5- This describes our school,5- This describes our school,"Yes, another organization or the government has given them a library",N/A- this school already has a library,"Yes, another organization or the government has given them some","Yes, another organization or the government has given them something to provide clean water","No, this school needs more classrooms or an upgrade to their current buildings",Yes,NA,NA,NA,NA,NA,NA,NA,NA,NA,NA,NA,NA,NA,NA,NA,NA,NA,NA,Maybe in the future,NA,NA,2020-02-11
2020-02-11 5:08:01,507,R_ijvi7L5v0Wf5CaH,5.973425,-0.216071,Richard,NA,NA,NA,Attabui,NA,"Routine Program Evaluation,Surveyor Team Visit,Project Update Visit",NA,1700,260,17,78,26,NA,64,NA,NA,NA,NA,0 - This school has a Junior High School,NA,NA,NA,NA,NA,NA,No,NA,Yes,Stolen,13,10,Yes,NA,NA,NA,Less than 1 time in a term,5- This describes our school,3- This describes our school a little bit,"Yes, EPI has given them a library",N/A- this school already has a library,"Yes, another organization or the government has given them some","Yes, another organization or the government has given them something to provide clean water","No, this school needs more classrooms or an upgrade to their current buildings",Yes,NA,NA,NA,NA,NA,NA,NA,NA,NA,NA,NA,NA,NA,NA,NA,NA,NA,NA,Maybe in the future,NA,NA,2020-02-11
2020-03-03 5:13:12,935,R_dNeWeVuSQvrO99j,6.024901,0.259208,Richard,NA,NA,NA,Nyapienya,NA,"MGR Maintenance,Routine Program Evaluation,Surveyor Team Visit,Project Update Visit",NA,980,147,15,75,11,NA,27,10,NA,26,10,0 - This school has a Junior High School,NA,NA,NA,NA,NA,NA,Yes,NA,No,Broken,10,16,Yes,NA,NA,NA,1-2 times in a term,3- This describes our school a little bit,5- This describes our school,"Yes, EPI has given them a library",N/A- this school already has a library,"Yes, another organization or the government has given them some","Yes, another organization or the government has given them something to provide clean water","Yes, EPI has built enough classrooms for them to use",No,NA,NA,NA,NA,NA,NA,NA,NA,NA,NA,NA,NA,NA,NA,NA,NA,NA,NA,Maybe in the future,NA,NA,2020-03-03
2021-10-18 4:12:35,684,R_60PVuPedscfiey1,6.309109,-0.671591,Richard,NA,NA,NA,Wekpeti Abresu,NA,"MGR Maintenance,Routine Program Evaluation,Surveyor Team Visit,Project Update Visit",NA,600,310,12,74,28,NA,73,25,NA,19,23,0 - This school has a Junior High School,NA,NA,NA,NA,NA,NA,No,NA,Yes,Broken,15,15,Yes,NA,NA,NA,1-2 times in a term,3- This describes our school a little bit,3- This describes our school a little bit,"Yes, another organization or the government has given them a library",N/A- this school already has a library,"No, this school needs a toilet","No, this school needs a borehole or other clean water solution","Yes, they already had enough classrooms or another organization has provided them",Yes,NA,NA,NA,NA,NA,NA,NA,NA,NA,NA,NA,NA,NA,NA,NA,NA,NA,NA,Maybe in the future,NA,NA,2021-10-18
2021-10-18 8:33:59,558,R_lVGUlRvQLYkIEnY,6.297205,-0.689588,Richard,NA,NA,NA,Ekorso Akwadum,NA,"MGR Maintenance,Routine Program Evaluation,Surveyor Team Visit,Project Update Visit",NA,300,335,15,48,19,NA,55,28,NA,16,28,0 - This school has a Junior High School,NA,NA,NA,NA,NA,NA,"No, but they have poles or power lines",NA,Yes,Lost,9,9,Yes,NA,NA,NA,Less than 1 time in a term,3- This describes our school a little bit,3- This describes our school a little bit,"Yes, another organization or the government has given them a library",NA,"No, this school needs a toilet","Yes, EPI has helped them get access to clean water","Yes, they already had enough classrooms or another organization has provided them",Yes,NA,NA,NA,NA,NA,NA,NA,NA,NA,NA,NA,NA,NA,NA,NA,NA,NA,NA,Maybe in the future,NA,NA,2021-10-18
2022-06-07 3:08:09,430,R_dZ91JeNPRwoFLLm,5.952494,0.37128,Richard,NA,NA,NA,Amuyaokope,NA,"MGR Maintenance,Routine Program Evaluation,Project Update Visit",NA,1200,265,8,70,23,NA,71,28,NA,20,19,0 - This school has a Junior High School,NA,NA,NA,NA,NA,NA,Yes,NA,Yes,"Lost,Broken",5,4,Yes,NA,NA,NA,1-2 times in a term,3- This describes our school a little bit,3- This describes our school a little bit,"No, they need a library",Yes,"Yes, another organization or the government has given them some","Yes, another organization or the government has given them something to provide clean water","Yes, they already had enough classrooms or another organization has provided them",Yes,NA,NA,NA,NA,NA,NA,NA,NA,NA,NA,NA,NA,NA,NA,NA,NA,NA,NA,"No, they do not need anything or they need to work on their lantern program more.",NA,NA,2022-06-07
2022-06-07 7:01:43,332,R_1OfMEEsD2GK6x7M,6.004485,0.425771,Richard,NA,NA,NA,Terhey,NA,"Routine Program Evaluation,Project Update Visit",NA,1450,144,6,50,14,NA,40,22,NA,20,19,1-2 km,NA,NA,NA,NA,NA,NA,Yes,NA,Yes,"Lost,Stolen,Broken",0,0,No,NA,NA,NA,Less than 1 time in a term,3- This describes our school a little bit,3- This describes our school a little bit,"No, they need a library",Yes,"Yes, another organization or the government has given them some","Yes, another organization or the government has given them something to provide clean water","No, this school needs more classrooms or an upgrade to their current buildings",Other,NA,NA,NA,NA,NA,NA,NA,NA,NA,NA,NA,NA,NA,NA,NA,NA,NA,NA,Maybe in the future,NA,NA,2022-06-07
2022-06-15 7:04:54,2179,R_5CHasDuDSZj51es,5.959902,-0.21789,Richard,NA,NA,NA,Attabui,NA,"Routine Program Evaluation,Surveyor Team Visit,Project Update Visit",NA,1200,230,19,67,23,NA,53,18,NA,36,15,0 - This school has a Junior High School,NA,NA,NA,NA,NA,NA,Yes,NA,Yes,"Lost,Stolen,Broken",5,2,Yes,NA,NA,NA,Less than 1 time in a term,3- This describes our school a little bit,3- This describes our school a little bit,"Yes, EPI has given them a library",N/A- this school already has a library,"Yes, another organization or the government has given them some","Yes, EPI has helped them get access to clean water","No, this school needs more classrooms or an upgrade to their current buildings",Other,NA,NA,NA,NA,NA,NA,NA,NA,NA,NA,NA,NA,NA,NA,NA,NA,NA,NA,Maybe in the future,NA,NA,2022-06-15
2022-06-16 5:07:00,578,R_bkOH2QHJiQ03P1i,5.965087,-0.175185,Richard,NA,NA,NA,Adenya,NA,"MGR Maintenance,Routine Program Evaluation,Surveyor Team Visit,Project Update Visit",NA,700,91,13,22,14,NA,35,25,NA,19,16,0 - This school has a Junior High School,NA,NA,NA,NA,NA,NA,No,NA,Yes,"Stolen,Broken",15,20,Yes,NA,NA,NA,1-2 times in a term,5- This describes our school,3- This describes our school a little bit,"Yes, EPI has given them a library",N/A- this school already has a library,"Yes, another organization or the government has given them some","No, this school needs a borehole or other clean water solution","No, this school needs more classrooms or an upgrade to their current buildings",Other,NA,NA,NA,NA,NA,NA,NA,NA,NA,NA,NA,NA,NA,NA,NA,NA,NA,NA,Yes,NA,NA,2022-06-16
2022-06-20 6:01:18,386,R_jJA4VuhTa5l9OTv,6.297237,-0.689445,Richard,NA,NA,NA,Ekorso Akwadum,NA,"MGR Maintenance,Routine Program Evaluation,Surveyor Team Visit,Project Update Visit",NA,650,146,16,89,19,NA,122,19,NA,16,16,0 - This school has a Junior High School,NA,NA,NA,NA,NA,NA,"No, but they have poles or power lines",NA,Yes,"Lost,Stolen,Broken,N/A- No lanterns are being reported lost, stolen, or broken",10,10,No,NA,NA,NA,Less than 1 time in a term,3- This describes our school a little bit,3- This describes our school a little bit,"Yes, EPI has given them a library",N/A- this school already has a library,"Yes, another organization or the government has given them some","Yes, EPI has helped them get access to clean water","No, this school needs more classrooms or an upgrade to their current buildings",Other,NA,NA,NA,NA,NA,NA,NA,NA,NA,NA,NA,NA,NA,NA,NA,NA,NA,NA,Yes,NA,NA,2022-06-20
2022-06-21 4:44:59,950,R_8VDe05wht7desHW,6.393386,-1.059157,Richard,NA,NA,NA,Bepotumtum,NA,"MGR Maintenance,Routine Program Evaluation,Surveyor Team Visit,Project Update Visit",NA,800,147,6,52,9,NA,31,N/A,NA,N/A,N/A,0 - This school has a Junior High School,NA,NA,NA,NA,NA,NA,Yes,NA,Yes,Broken,15,15,Yes,NA,NA,NA,Less than 1 time in a term,1- This does not describe our school,1- This does not describe our school,"Yes, EPI has given them a library",Yes,"Yes, another organization or the government has given them some","No, this school needs a borehole or other clean water solution","Yes, they already had enough classrooms or another organization has provided them",Other,NA,NA,NA,NA,NA,NA,NA,NA,NA,NA,NA,NA,NA,NA,NA,NA,NA,NA,Maybe in the future,NA,NA,2022-06-21
2022-06-23 6:23:57,1199,R_8bSl5DtYwZdF8rG,5.938387,-0.243885,Richard,NA,NA,NA,Other,Ankwasu,"MGR Maintenance,Routine Program Evaluation,Surveyor Team Visit,Project Update Visit",NA,800,412,17,107,24,NA,62,37,NA,26,34,1-2 km,NA,NA,NA,NA,NA,NA,No,NA,Yes,"Lost,Stolen,Broken",6,10,No,NA,NA,NA,Less than 1 time in a term,1- This does not describe our school,1- This does not describe our school,"No, they need a library",Yes,"No, this school needs a toilet","Yes, another organization or the government has given them something to provide clean water","Yes, they already had enough classrooms or another organization has provided them",Other,NA,NA,NA,NA,NA,NA,NA,NA,NA,NA,NA,NA,NA,NA,NA,NA,NA,NA,Yes,NA,NA,2022-06-23
2018-03-27 16:55:55,NA,NA,NA,NA,NA,NA,NA,NA,Yonguase,NA,Project Update Visit,NA,Do not know,166,15,90,Yet to write BECE,NA,21,N/A,NA,NA,N/A,0 - This school has a Junior High School,NA,NA,NA,NA,NA,NA,Other,NA,No,"N/A- No lanterns are being reported lost, stolen, or broken",N/A,24,Yes,NA,NA,NA,3 or more times in a term,3- This describes our school a little bit,3- This describes our school a little bit,"No, they need a library",Yes,"Yes, another organization or the government has given them some","No, this school needs a borehole or other clean water solution","No, this school needs more classrooms or an upgrade to their current buildings",NA,NA,NA,NA,NA,NA,NA,NA,NA,NA,NA,NA,NA,NA,NA,NA,NA,NA,NA,Maybe in the future,NA,NA,2018-03-27
2018-03-28 3:37:04,NA,NA,NA,NA,Isaac,NA,NA,NA,Pediatorkope,NA,Project Update Visit,NA,About 3000,36,13,248,43,NA,112,37,NA,NA,37,0 - This school has a Junior High School,NA,NA,NA,NA,NA,NA,Other,NA,Yes,Broken; 2,2,37,Yes,NA,NA,NA,3 or more times in a term,5- This describes our school,5- This describes our school,"Yes, EPI has given them a library",N/A- this school already has a library,"Yes, another organization or the government has given them some","No, this school needs a borehole or other clean water solution","Yes, they already had enough classrooms or another organization has provided them",NA,NA,NA,NA,NA,NA,NA,NA,NA,NA,NA,NA,NA,NA,NA,NA,NA,NA,NA,"No, they do not need anything or they need to work on their lantern program more.",NA,NA,2018-03-28
2018-06-06 9:15:22,NA,NA,NA,NA,Isaac,NA,NA,NA,Other,NA,Other,Merry Go Round installation,2000,245,17,550,26,NA,245,26,NA,NA,26,0 - This school has a Junior High School,NA,NA,NA,NA,NA,NA,No,NA,No,"N/A- No lanterns are being reported lost, stolen, or broken",40,NA,No,NA,NA,NA,N/A- They do not have science kits yet.,NA,NA,"No, they need a library",N/A- this school already has a library,"Yes, another organization or the government has given them some","No, this school needs a borehole or other clean water solution","Yes, they already had enough classrooms or another organization has provided them",NA,NA,NA,NA,NA,NA,NA,NA,NA,NA,NA,NA,NA,NA,NA,NA,NA,NA,NA,"No, they do not need anything or they need to work on their lantern program more.",NA,NA,2018-06-06
2018-06-11 2:33:44,NA,NA,NA,NA,Isaac,NA,NA,NA,Fawotrikosie,NA,Project Update Visit,NA,NA,190,11,122,12,NA,25,18,NA,NA,12,0 - This school has a Junior High School,NA,NA,NA,NA,NA,NA,Yes,NA,No,"Lost,Stolen,Broken; N/A; N/A; N/A",8,8,Yes,NA,NA,NA,3 or more times in a term,5- This describes our school,5- This describes our school,"No, they need a library",Yes,"Yes, another organization or the government has given them some","Yes, another organization or the government has given them something to provide clean water","Yes, EPI has built enough classrooms for them to use",NA,NA,NA,NA,NA,NA,NA,NA,NA,NA,NA,NA,NA,NA,NA,NA,NA,NA,NA,Maybe in the future,NA,NA,2018-06-11
2018-06-11 8:29:33,NA,NA,NA,NA,Richard,NA,NA,NA,Bahankra,NA,Surveyor Team Visit,NA,1200,403,21,105,24,NA,40,N/A,NA,NA,N/A,0 - This school has a Junior High School,NA,NA,NA,NA,NA,NA,No,NA,No,"N/A- No lanterns are being reported lost, stolen, or broken",38,38,Yes,NA,NA,NA,1-2 times in a term,5- This describes our school,5- This describes our school,"Yes, EPI has given them a library",N/A- this school already has a library,"Yes, EPI has helped build some","Yes, EPI has helped them get access to clean water","Yes, EPI has built enough classrooms for them to use",NA,NA,NA,NA,NA,NA,NA,NA,NA,NA,NA,NA,NA,NA,NA,NA,NA,NA,NA,Maybe in the future,NA,NA,2018-06-11
2018-06-13 21:54:35,NA,NA,NA,NA,George,NA,NA,NA,Community School 3,NA,MGR Maintenance,NA,NA,110,9,110,Yet to,NA,110,N/A,NA,NA,N/A,The closest JHS is greater than 6 km distance from the school,NA,NA,NA,NA,NA,NA,No,NA,No,"N/A- No lanterns are being reported lost, stolen, or broken",No,13,Yes,NA,NA,NA,1-2 times in a term,5- This describes our school,1- This does not describe our school,"No, they need a library",Yes,"No, this school needs a toilet","Yes, another organization or the government has given them something to provide clean water","Yes, EPI has built enough classrooms for them to use",NA,NA,NA,NA,NA,NA,NA,NA,NA,NA,NA,NA,NA,NA,NA,NA,NA,NA,NA,Maybe in the future,NA,NA,2018-06-13
2018-06-13 21:54:59,NA,NA,NA,NA,George,NA,NA,NA,Wangarakrom-Tarkuea,NA,Other,Did survey for 17 students,NA,236,11,140,37,NA,66,15,NA,NA,6,0 - This school has a Junior High School,NA,NA,NA,NA,NA,NA,No,NA,No,"N/A- No lanterns are being reported lost, stolen, or broken",No lost one,25,Yes,NA,NA,NA,3 or more times in a term,1- This does not describe our school,1- This does not describe our school,"Yes, another organization or the government has given them a library",Yes,"Yes, another organization or the government has given them some","Yes, another organization or the government has given them something to provide clean water","Yes, they already had enough classrooms or another organization has provided them",NA,NA,NA,NA,NA,NA,NA,NA,NA,NA,NA,NA,NA,NA,NA,NA,NA,NA,NA,"No, they do not need anything or they need to work on their lantern program more.",NA,NA,2018-06-13
2018-06-13 21:55:27,NA,NA,NA,NA,George,NA,NA,NA,Alorkpem Island,NA,Surveyor Team Visit,NA,864 (as at 2010),270,15,116,38,NA,86,20,NA,NA,17,0 - This school has a Junior High School,NA,NA,NA,NA,NA,NA,No,NA,No,"N/A- No lanterns are being reported lost, stolen, or broken",58,53,Yes,NA,NA,NA,1-2 times in a term,1- This does not describe our school,5- This describes our school,"Yes, EPI has given them a library",N/A- this school already has a library,"Yes, another organization or the government has given them some","No, this school needs a borehole or other clean water solution","Yes, they already had enough classrooms or another organization has provided them",NA,NA,NA,NA,NA,NA,NA,NA,NA,NA,NA,NA,NA,NA,NA,NA,NA,NA,NA,"No, they do not need anything or they need to work on their lantern program more.",NA,NA,2018-06-13
2018-06-13 21:55:55,NA,NA,NA,NA,George,NA,NA,NA,Attabui,NA,Surveyor Team Visit,NA,30o,245,19,61,26,NA,60,11,NA,NA,9,0 - This school has a Junior High School,NA,NA,NA,NA,NA,NA,Yes,NA,No,"N/A- No lanterns are being reported lost, stolen, or broken",16,16,Yes,NA,NA,NA,1-2 times in a term,1- This does not describe our school,1- This does not describe our school,"Yes, EPI has given them a library",N/A- this school already has a library,"Yes, another organization or the government has given them some","Yes, EPI has helped them get access to clean water","Yes, they already had enough classrooms or another organization has provided them",NA,NA,NA,NA,NA,NA,NA,NA,NA,NA,NA,NA,NA,NA,NA,NA,NA,NA,NA,Maybe in the future,NA,NA,2018-06-13
2018-06-13 21:56:01,NA,NA,NA,NA,George,NA,NA,NA,Bahankra,NA,Surveyor Team Visit,NA,1200,403,21,253,22,NA,34,N/A,NA,NA,N/A,0 - This school has a Junior High School,NA,NA,NA,NA,NA,NA,No,NA,No,"N/A- No lanterns are being reported lost, stolen, or broken",38,38,Yes,NA,NA,NA,1-2 times in a term,3- This describes our school a little bit,3- This describes our school a little bit,"Yes, EPI has given them a library",N/A- this school already has a library,"Yes, EPI has helped build some","Yes, EPI has helped them get access to clean water","Yes, EPI has built enough classrooms for them to use",NA,NA,NA,NA,NA,NA,NA,NA,NA,NA,NA,NA,NA,NA,NA,NA,NA,NA,NA,Maybe in the future,NA,NA,2018-06-13
2018-06-13 21:56:13,NA,NA,NA,NA,George,NA,NA,NA,Dagomba,NA,Surveyor Team Visit,NA,1600,610,25,300,34,NA,97,31,NA,NA,27,0 - This school has a Junior High School,NA,NA,NA,NA,NA,NA,No,NA,Yes,Broken,1,36,Yes,NA,NA,NA,1-2 times in a term,5- This describes our school,5- This describes our school,"No, they need a library",Yes,"Yes, another organization or the government has given them some","Yes, another organization or the government has given them something to provide clean water","Yes, they already had enough classrooms or another organization has provided them",NA,NA,NA,NA,NA,NA,NA,NA,NA,NA,NA,NA,NA,NA,NA,NA,NA,NA,NA,"No, they do not need anything or they need to work on their lantern program more.",NA,NA,2018-06-13
2018-06-13 21:56:29,NA,NA,NA,NA,George,NA,NA,NA,Afransua Dedewa M/A Primary School,NA,Other,Give out new tough light,500,116,8,43,8,NA,N/A,N/A,NA,NA,N/A,The closest JHS is greater than 6 km distance from the school,NA,NA,NA,NA,NA,NA,No,NA,No,"N/A- No lanterns are being reported lost, stolen, or broken",18,16 2 with teachers,Yes,NA,NA,NA,1-2 times in a term,5- This describes our school,5- This describes our school,"No, they need a library",Yes,"Yes, another organization or the government has given them some","No, this school needs a borehole or other clean water solution","No, this school needs more classrooms or an upgrade to their current buildings",NA,NA,NA,NA,NA,NA,NA,NA,NA,NA,NA,NA,NA,NA,NA,NA,NA,NA,NA,Maybe in the future,NA,NA,2018-06-13
2018-06-13 21:56:45,NA,NA,NA,NA,George,NA,NA,NA,Abrenya,NA,Other,Delivery new tough light,400,120,13,69,13,NA,25,11,NA,NA,7,0 - This school has a Junior High School,NA,NA,NA,NA,NA,NA,No,NA,No,"N/A- No lanterns are being reported lost, stolen, or broken",N/A,16,Yes,NA,NA,NA,3 or more times in a term,5- This describes our school,5- This describes our school,"No, they need a library","No, they need a classroom block or building for their library","No, this school needs a toilet","Yes, another organization or the government has given them something to provide clean water","No, this school needs more classrooms or an upgrade to their current buildings",NA,NA,NA,NA,NA,NA,NA,NA,NA,NA,NA,NA,NA,NA,NA,NA,NA,NA,NA,Maybe in the future,NA,NA,2018-06-13
2018-06-13 21:57:12,NA,NA,NA,NA,George,NA,NA,NA,Ekorso Akwadum,NA,Other,Delivery new tough lights,1600,280,15,138,22,NA,57,16,NA,NA,8,0 - This school has a Junior High School,NA,NA,NA,NA,NA,NA,Yes,NA,No,"N/A- No lanterns are being reported lost, stolen, or broken",12,11 and extra,Yes,NA,NA,NA,3 or more times in a term,5- This describes our school,5- This describes our school,"No, they need a library","No, they need a classroom block or building for their library","Yes, another organization or the government has given them some","Yes, another organization or the government has given them something to provide clean water","Yes, they already had enough classrooms or another organization has provided them",NA,NA,NA,NA,NA,NA,NA,NA,NA,NA,NA,NA,NA,NA,NA,NA,NA,NA,NA,"No, they do not need anything or they need to work on their lantern program more.",NA,NA,2018-06-13
2018-06-14 3:15:49,NA,NA,NA,NA,Isaac,NA,NA,NA,Other,NA,Other,Potential school survey visit with Ben and Steve,200,98,14,86,N/A,NA,12,5,NA,NA,N/A,0 - This school has a Junior High School,NA,NA,NA,NA,NA,NA,No,NA,No,"Lost,Stolen,Broken; N/A; N/A; N/A",N/A,N/A,No,NA,NA,NA,N/A- They do not have science kits yet.,NA,NA,"No, they need a library","No, they need a classroom block or building for their library","Yes, another organization or the government has given them some","Yes, another organization or the government has given them something to provide clean water","No, this school needs more classrooms or an upgrade to their current buildings",NA,NA,NA,NA,NA,NA,NA,NA,NA,NA,NA,NA,NA,NA,NA,NA,NA,NA,NA,Yes,NA,NA,2018-06-14
2018-06-20 21:59:35,NA,NA,NA,NA,George,NA,NA,NA,Nyariga Girls School,NA,Other,Days for Girls kits,1500,115,8 only JHS,300,43,NA,115,48,NA,NA,48,0 - This school has a Junior High School,NA,NA,NA,NA,NA,NA,Yes,NA,No,"N/A- No lanterns are being reported lost, stolen, or broken",23,23,No,NA,NA,NA,1-2 times in a term,3- This describes our school a little bit,3- This describes our school a little bit,"No, they need a library",Yes,"Yes, another organization or the government has given them some","Yes, another organization or the government has given them something to provide clean water","Yes, they already had enough classrooms or another organization has provided them",NA,NA,NA,NA,NA,NA,NA,NA,NA,NA,NA,NA,NA,NA,NA,NA,NA,NA,NA,"No, they do not need anything or they need to work on their lantern program more.",NA,NA,2018-06-20
2018-06-20 21:59:41,NA,NA,NA,NA,George,NA,NA,NA,Ataampuutum,NA,NA,NA,1000,293,12,78,35,NA,35 only JHS one,Not yet,NA,NA,Not yet,0 - This school has a Junior High School,NA,NA,NA,NA,NA,NA,Yes,NA,No,"N/A- No lanterns are being reported lost, stolen, or broken",23,23,Yes,NA,NA,NA,1-2 times in a term,5- This describes our school,5- This describes our school,"Yes, another organization or the government has given them a library",N/A- this school already has a library,"Yes, another organization or the government has given them some","Yes, another organization or the government has given them something to provide clean water","No, this school needs more classrooms or an upgrade to their current buildings",NA,NA,NA,NA,NA,NA,NA,NA,NA,NA,NA,NA,NA,NA,NA,NA,NA,NA,NA,Yes,NA,NA,2018-06-20
2018-07-05 22:00:36,NA,NA,NA,NA,George,NA,NA,NA,Nyapienya,NA,Surveyor Team Visit,NA,950,185,15,42,11,NA,26,No JHS 3 then,NA,NA,No JHS 3 then,0 - This school has a Junior High School,NA,NA,NA,NA,NA,NA,No,NA,No,"Lost,N/A- No lanterns are being reported lost, stolen, or broken",21,20 and one extra,Yes,NA,NA,NA,3 or more times in a term,5- This describes our school,5- This describes our school,"No, they need a library","No, they need a classroom block or building for their library","Yes, EPI has helped build some","Yes, another organization or the government has given them something to provide clean water","No, this school needs more classrooms or an upgrade to their current buildings",NA,NA,NA,NA,NA,NA,NA,NA,NA,NA,NA,NA,NA,NA,NA,NA,NA,NA,NA,Maybe in the future,NA,NA,2018-07-05
2018-07-05 22:00:38,NA,NA,NA,NA,George,NA,NA,NA,Mongpong Shai,NA,"Surveyor Team Visit,Other",Give out new tough light,2000,266,15,60,16,NA,59,18,NA,NA,12,0 - This school has a Junior High School,NA,NA,NA,NA,NA,NA,Yes,NA,Yes,Lost; 31,1,No groupings yet,No,NA,NA,NA,1-2 times in a term,5- This describes our school,5- This describes our school,"No, they need a library",Yes,"Yes, another organization or the government has given them some","Yes, another organization or the government has given them something to provide clean water","Yes, they already had enough classrooms or another organization has provided them",NA,NA,NA,NA,NA,NA,NA,NA,NA,NA,NA,NA,NA,NA,NA,NA,NA,NA,NA,"No, they do not need anything or they need to work on their lantern program more.",NA,NA,2018-07-05
2018-07-05 22:00:41,NA,NA,NA,NA,George,NA,NA,NA,Kurasua #1 MA,NA,Surveyor Team Visit,NA,1200,220,14,77,26,NA,48,11,NA,NA,10,0 - This school has a Junior High School,NA,NA,NA,NA,NA,NA,No,NA,Yes,Broken; 1,42,40,Yes,NA,NA,NA,3 or more times in a term,1- This does not describe our school,1- This does not describe our school,"No, they need a library",Yes,"No, this school needs a toilet","Yes, EPI has helped them get access to clean water","Yes, EPI has built enough classrooms for them to use",NA,NA,NA,NA,NA,NA,NA,NA,NA,NA,NA,NA,NA,NA,NA,NA,NA,NA,NA,"No, they do not need anything or they need to work on their lantern program more.",NA,NA,2018-07-05
2018-07-05 22:00:44,NA,NA,NA,NA,George,NA,NA,NA,Nwawasua M/A School,NA,Surveyor Team Visit,NA,2000,465,19,115,16,NA,55,20,NA,NA,16,0 - This school has a Junior High School,NA,NA,NA,NA,NA,NA,No,NA,No,"N/A- No lanterns are being reported lost, stolen, or broken",N/A,23 5 for teachers,Yes,NA,NA,NA,3 or more times in a term,5- This describes our school,5- This describes our school,"No, they need a library","No, they need a classroom block or building for their library","Yes, another organization or the government has given them some","Yes, another organization or the government has given them something to provide clean water","Yes, they already had enough classrooms or another organization has provided them",NA,NA,NA,NA,NA,NA,NA,NA,NA,NA,NA,NA,NA,NA,NA,NA,NA,NA,NA,"No, they do not need anything or they need to work on their lantern program more.",NA,NA,2018-07-05
2018-07-11 21:58:47,NA,NA,NA,NA,George,NA,NA,NA,Minya D/A Basic School,NA,"MGR Maintenance,Surveyor Team Visit",NA,600,208,15,53,17,NA,39,5,NA,NA,5,0 - This school has a Junior High School,NA,NA,NA,NA,NA,NA,No,NA,No,"N/A- No lanterns are being reported lost, stolen, or broken",39,38,Yes,NA,NA,NA,Less than 1 time in a term,5- This describes our school,5- This describes our school,"No, they need a library","No, they need a classroom block or building for their library","Yes, another organization or the government has given them some","Yes, another organization or the government has given them something to provide clean water","No, this school needs more classrooms or an upgrade to their current buildings",NA,NA,NA,NA,NA,NA,NA,NA,NA,NA,NA,NA,NA,NA,NA,NA,NA,NA,NA,Yes,NA,NA,2018-07-11
2018-07-11 21:59:04,NA,NA,NA,NA,George,NA,NA,NA,Azizakope,NA,"MGR Maintenance,Surveyor Team Visit,Other",Give out new tough light,500,95,5,32,8,NA,N/A,N/A,NA,NA,N/A,1-2 km,NA,NA,NA,NA,NA,NA,No,NA,No,"N/A- No lanterns are being reported lost, stolen, or broken",17,16 one for the headmaster,Yes,NA,NA,NA,3 or more times in a term,3- This describes our school a little bit,5- This describes our school,"No, they need a library","No, they need a classroom block or building for their library","No, this school needs a toilet","No, this school needs a borehole or other clean water solution","No, this school needs more classrooms or an upgrade to their current buildings",NA,NA,NA,NA,NA,NA,NA,NA,NA,NA,NA,NA,NA,NA,NA,NA,NA,NA,NA,"No, they do not need anything or they need to work on their lantern program more.",NA,NA,2018-07-11
2018-07-11 21:59:19,NA,NA,NA,NA,George,NA,NA,NA,Obane,NA,Surveyor Team Visit,NA,550,142,9,60,17,NA,N/A,N/A,NA,NA,N/A,3-5 km,NA,NA,NA,NA,NA,NA,Yes,NA,Yes,Stolen; 5,5,5,Yes,NA,NA,NA,3 or more times in a term,5- This describes our school,5- This describes our school,"Yes, EPI has given them a library",N/A- this school already has a library,"Yes, another organization or the government has given them some","No, this school needs a borehole or other clean water solution","Yes, they already had enough classrooms or another organization has provided them",NA,NA,NA,NA,NA,NA,NA,NA,NA,NA,NA,NA,NA,NA,NA,NA,NA,NA,NA,"No, they do not need anything or they need to work on their lantern program more.",NA,NA,2018-07-11
2018-07-13 23:18:24,NA,NA,NA,NA,Richard,NA,NA,NA,Kpala Private School (IOHCA),NA,Surveyor Team Visit,NA,1700,130,8,130,6,NA,N/A,9,NA,NA,N/A,The closest JHS is greater than 6 km distance from the school,NA,NA,NA,NA,NA,NA,No,NA,Yes,"Lost,Broken",13,"10 lanterns groups,4 teachers do not have",Yes,NA,NA,NA,1-2 times in a term,3- This describes our school a little bit,5- This describes our school,"No, they need a library",Yes,"No, this school needs a toilet","No, this school needs a borehole or other clean water solution","No, this school needs more classrooms or an upgrade to their current buildings",NA,NA,NA,NA,NA,NA,NA,NA,NA,NA,NA,NA,NA,NA,NA,NA,NA,NA,NA,Yes,NA,NA,2018-07-13
2018-07-13 23:18:27,NA,NA,NA,NA,Richard,NA,NA,NA,Kpala Government School,NA,Surveyor Team Visit,NA,1200,153,4,105,13,NA,N/A,N/A,NA,NA,N/A,3-5 km,NA,NA,NA,NA,NA,NA,No,NA,Yes,Broken,1,9 lantern groups 5 teachers,Yes,NA,NA,NA,3 or more times in a term,5- This describes our school,5- This describes our school,"No, they need a library",Yes,"No, this school needs a toilet","No, this school needs a borehole or other clean water solution","No, this school needs more classrooms or an upgrade to their current buildings",NA,NA,NA,NA,NA,NA,NA,NA,NA,NA,NA,NA,NA,NA,NA,NA,NA,NA,NA,Maybe in the future,NA,NA,2018-07-13
2018-07-13 23:18:30,NA,NA,NA,NA,Richard,NA,NA,NA,Kpala Private School (IOHCA),NA,Surveyor Team Visit,NA,1200,130,8,76,N/A,NA,N/A,N/A,NA,NA,N/A,3-5 km,NA,NA,NA,NA,NA,NA,No,NA,Yes,Broken,14,There was a group of 10.,Yes,NA,NA,NA,1-2 times in a term,3- This describes our school a little bit,3- This describes our school a little bit,"No, they need a library","No, they need a classroom block or building for their library","No, this school needs a toilet","No, this school needs a borehole or other clean water solution","No, this school needs more classrooms or an upgrade to their current buildings",NA,NA,NA,NA,NA,NA,NA,NA,NA,NA,NA,NA,NA,NA,NA,NA,NA,NA,NA,Maybe in the future,NA,NA,2018-07-13
2018-07-24 21:03:54,NA,NA,NA,NA,George,NA,NA,NA,Wangarakrom-Tarkuea,NA,MGR Maintenance,NA,2000,240,11,97,31,NA,66,15,NA,NA,6,0 - This school has a Junior High School,NA,NA,NA,NA,NA,NA,"No, but they have poles or power lines",NA,Yes,Broken; 2,2 replaced,25 and 5 used by the teachers,Yes,NA,NA,NA,3 or more times in a term,5- This describes our school,5- This describes our school,"No, they need a library",Yes,"Yes, another organization or the government has given them some","Yes, another organization or the government has given them something to provide clean water","Yes, they already had enough classrooms or another organization has provided them",NA,NA,NA,NA,NA,NA,NA,NA,NA,NA,NA,NA,NA,NA,NA,NA,NA,NA,NA,"No, they do not need anything or they need to work on their lantern program more.",NA,NA,2018-07-24
2018-07-24 21:03:56,NA,NA,NA,NA,George,NA,NA,NA,Tuanikope,NA,Routine Program Evaluation,NA,600,64,4,25,6,NA,N/A,N/A,NA,NA,N/A,3-5 km,NA,NA,NA,NA,NA,NA,No,NA,Yes,"Lost,Broken; 7; 18",0,25,No,NA,NA,NA,1-2 times in a term,3- This describes our school a little bit,3- This describes our school a little bit,"No, they need a library",Yes,"No, this school needs a toilet","No, this school needs a borehole or other clean water solution","Yes, they already had enough classrooms or another organization has provided them",NA,NA,NA,NA,NA,NA,NA,NA,NA,NA,NA,NA,NA,NA,NA,NA,NA,NA,NA,"No, they do not need anything or they need to work on their lantern program more.",NA,NA,2018-07-24
2024-09-27 14:50:11,NA,R_icRqqm0EvQUwpli,5.964988,-0.17518,Alex,NA,"Richard,Alex,Peace",NA,Attabui,NA,"Routine Program Evaluation,Project Update Visit",NA,500,200,17,64,20,NA,61,20,NA,NA,N/A,NA,NA,It works perfectly,NA,NA,NA,NA,Yes,NA,NA,NA,NA,NA,NA,NA,NA,NA,3 or more times in a term,5- This describes our school,5- This describes our school,"Yes, EPI has given them a library",NA,"Yes, another organization or the government has given them some","Yes, another organization or the government has given them something to provide clean water","Yes, EPI has built enough classrooms for them to use",Yes,NA,Yes,NA,9,NA,NA,NA,NA,NA,NA,NA,NA,NA,No,NA,13/09/2024,NA,Yes,Yes,NA,NA,2024-09-27
2024-09-27 14:50:11,NA,R_7TSINrHCRwUXSay,6.050893,0.258316,Richard,NA,"Richard,Alex,Peace",NA,Nyapienya,NA,"Routine Program Evaluation,Project Update Visit",NA,1500,190,10,31,15,NA,31,6,NA,NA,N/A,NA,NA,It works perfectly,NA,NA,NA,NA,Yes,NA,No,NA,11,11,Yes,NA,NA,NA,3 or more times in a term,5- This describes our school,5- This describes our school,"Yes, EPI has given them a library",NA,"Yes, EPI has helped build some","No, this school needs a borehole or other clean water solution","No, this school needs more classrooms or an upgrade to their current buildings",Yes,NA,No,NA,NA,NA,NA,NA,NA,NA,NA,NA,NA,NA,NA,NA,NA,NA,NA,Yes,NA,NA,2024-09-27
2024-09-27 14:50:11,NA,R_mnDj8BSBiLsgVpU,5.862975,0.032101,Richard,NA,"Richard,Alex,Peace",NA,Dedenya,NA,"Routine Program Evaluation,Project Update Visit",NA,4000,478,16,159,57,NA,165,42,NA,NA,N/A,NA,NA,It works perfectly,NA,NA,NA,NA,Yes,NA,NA,NA,NA,NA,NA,NA,NA,NA,3 or more times in a term,5- This describes our school,5- This describes our school,"Yes, EPI has given them a library",NA,"Yes, EPI has helped build some","Yes, another organization or the government has given them something to provide clean water","Yes, they already had enough classrooms or another organization has provided them",Yes,NA,No,NA,NA,NA,NA,NA,NA,NA,NA,NA,NA,NA,NA,NA,NA,NA,NA,Yes,NA,NA,2024-09-27
2024-09-27 14:50:11,NA,R_dgGctVWHsFyV9fB,5.92466,-0.24971,Alex,NA,"Richard,Alex,Peace",NA,Akwansu,NA,"Routine Program Evaluation,Project Update Visit",NA,NA,230,14,73,23,NA,53,14,NA,NA,N/A,NA,NA,It works perfectly,NA,NA,NA,NA,No,NA,No,NA,10,10,Yes,NA,NA,NA,3 or more times in a term,5- This describes our school,5- This describes our school,"No, they need a library",Yes,"Yes, another organization or the government has given them some","Yes, EPI has helped them get access to clean water","Yes, they already had enough classrooms or another organization has provided them",Yes,NA,No,NA,NA,NA,NA,NA,NA,NA,NA,NA,NA,NA,NA,NA,NA,NA,NA,Yes,NA,NA,2024-09-27
2024-09-27 14:50:11,NA,R_ovbc1KEF1NmDbeg,5.897906,-0.27629,Alex,NA,"Richard,Alex",NA,Obosonu,NA,"Routine Program Evaluation,Project Update Visit",NA,1000,252,9,71,22,NA,61,23,NA,NA,N/A,NA,NA,It works perfectly,NA,NA,NA,NA,No,NA,No,NA,21,21,Yes,NA,NA,NA,3 or more times in a term,5- This describes our school,5- This describes our school,"Yes, EPI has given them a library",NA,"Yes, EPI has helped build some","Yes, another organization or the government has given them something to provide clean water","Yes, they already had enough classrooms or another organization has provided them",Yes,NA,Yes,NA,10,NA,NA,NA,NA,NA,NA,NA,NA,NA,No,NA,04/06/2024,NA,Yes,Yes,NA,NA,2024-09-27
2024-09-27 14:50:11,NA,R_anCcUs7NlD9AK3o,5.965089,-0.17518,Richard,NA,"Richard,Alex,Peace",NA,Adenya,NA,"Routine Program Evaluation,Project Update Visit",NA,300,75,8,20,16,NA,24,16,NA,NA,N/A,NA,NA,It works perfectly,NA,NA,NA,NA,No,NA,No,NA,7,7,Yes,NA,NA,NA,3 or more times in a term,5- This describes our school,5- This describes our school,"Yes, EPI has given them a library",NA,"Yes, another organization or the government has given them some","No, this school needs a borehole or other clean water solution","Yes, they already had enough classrooms or another organization has provided them",Yes,NA,No,NA,NA,NA,NA,NA,NA,NA,NA,NA,NA,NA,NA,NA,NA,NA,NA,Yes,NA,NA,2024-09-27
2024-09-27 14:50:11,NA,R_ghFgQEbonNV6CkA,5.842793,0.029753,Richard,NA,"Richard,Alex,Peace",NA,Mampong Shai,NA,"Routine Program Evaluation,Project Update Visit",NA,NA,400,14,134,28,NA,102,40,NA,NA,N/A,NA,NA,It works perfectly,NA,NA,NA,NA,Yes,NA,NA,NA,NA,NA,NA,NA,NA,NA,3 or more times in a term,5- This describes our school,5- This describes our school,"Yes, EPI has given them a library",NA,"No, this school needs a toilet","No, this school needs a borehole or other clean water solution","No, this school needs more classrooms or an upgrade to their current buildings",Yes,NA,No,NA,NA,NA,NA,NA,NA,NA,NA,NA,NA,NA,NA,NA,NA,NA,NA,Yes,NA,NA,2024-09-27
2024-09-27 14:50:12,NA,R_0Q4W6W2yFx1xZ43,5.894279,-0.25132,Alex,NA,"Richard,Peace",NA,Anamenampa,NA,"Routine Program Evaluation,Project Update Visit",NA,500,130,14,38,10,NA,29,7,NA,NA,N/A,NA,NA,It works perfectly,NA,NA,NA,NA,No,NA,No,NA,22,22,Yes,NA,NA,NA,3 or more times in a term,5- This describes our school,5- This describes our school,"No, they need a library","No, they need a classroom block or building for their library","No, this school needs a toilet","No, this school needs a borehole or other clean water solution","No, this school needs more classrooms or an upgrade to their current buildings",Yes,NA,No,NA,NA,NA,NA,NA,NA,NA,NA,NA,NA,NA,NA,NA,NA,NA,NA,Yes,NA,NA,2024-09-27
