StartDate,Duration (in seconds),ResponseId,LocationLatitude,LocationLongitude,Q1,Q1_4_TEXT,Q1.5,Q1.5_6_TEXT,Q2,Q2_69_TEXT,Q3,Q3_5_TEXT,Q5,Q6,Q7,Q8,Q9,Q10,Q11,Q12,Q13,Q14,Q15,Q16,Q17,Q18,Q18_5_TEXT,Q18_6_TEXT,Q19,Q19_7_TEXT,Q20,Q21,Q22,Q23,Q24,Q25,Q26,Q27,Q28,Q29,Q30,Q31_1,Q31_2,Q32,Q33,Q34,Q35,Q36,Q37,Q38,Q39,Q39_TEXT,Q40_1,Q81_1,Q81_2,Q81_3,Q38.5,Q38.5_4_TEXT,Q38.5.5,Q38.5.5_4_TEXT,Q79,Q79_3_TEXT,Q41,Q42,Q43,Q80,Q44,Q45,Q82,Q82_13_TEXT
Start Date,Duration (in seconds),Response ID,Location Latitude,Location Longitude,Your Name - Selected Choice,Your Name - Other - Text,Are additional members of the team joining your visit? - Selected Choice,Are additional members of the team joining your visit? - Other - Text,School Name - Selected Choice,School Name - Other: - Text,What is the purpose of the school visit today? - Selected Choice,What is the purpose of the school visit today? - Other - Text,What is the estimated population in the surrounding community?,How many total students are enrolled this term?,How many teachers are assigned to the school this term?,How many Primary School students are enrolled this term?,How many students completed Primary School and moved on to JHS last year?,Is there a Junior High School?,How many JHS students are enrolled this term?,How many students took the BECE at the end of last school year?,"Of the students who took the BECE, how many passed?",What was the average BECE score from that group?,"Of those students who passed, how many went onto secondary school/technical school?",How close is the nearest JHS in kilometers?,What type of Merry-Go-Round does this school have?,Is the Merry-Go-Round functioning? - Selected Choice,Is the Merry-Go-Round functioning? - There is another part broken (please specify): - Text,Is the Merry-Go-Round functioning? - Other: - Text,Is the MGR functioning? Are they any problems you've noticed? - Selected Choice,Is the MGR functioning? Are they any problems you've noticed? - Other: - Text,Does this community have power?,Is this MGR still used to power lanterns for students?,"Are any lanterns being reported lost, stolen, or broken during this visit?","If yes, how many are being reported lost, stolen, or broken this visit?","How many lanterns does the school have now? (minus any lost, broken, or stolen)  Please note if you replaced any of the lanterns during this visit.","How many lantern groups are on record at this school this term? 
Ask to see their lantern group form. If there is a large number difference between number of lantern groups and number of lanterns please make a note. Example- Teachers have 4 and they have 4 extra.","Are teachers following up with the lantern groups?
Remind headmasters that teachers should be assigned to visit groups through out the year and all teachers should follow up with students verbally in class to see if students are conducting thier lantern groups.",Would you recommend removing this power-generating MGR and replacing it with a non-generating MGR?,In what capacity is this MGR/charging station still needed? Please explain.,Does this school have science kits?,How often do your teachers use the science kits?,"Answer according to the best description of your school. - My teachers and I know more about science, technology, and math since my school received the science kits","Answer according to the best description of your school. - My teachers and I are more interested in science, technology, or math since my school received the science kits",Does this school have a library?,Does this school have space for a library?,Does this school have a decent toilet facility?,Does this school have easy access to clean water (borehole)?,Does this school have enough quality classrooms?,Has EPI distributed menstrual kits and completed the training at this school?,"When was the last menstrual kit distribution and training given at this school? (Estimate is okay, ex: ~2 months ago)",Does this school have computers? - Selected Choice,Does this school have computers? - Other - Text,How many computers does this school have? - Number of computers,laptops,computers,tablets,Did the school receive some training on how to use the computers from the organization/government that brought them? - Selected Choice,Did the school receive some training on how to use the computers from the organization/government that brought them? - Other: - Text,Do they have a Rachel device to go along with these computers? - Selected Choice,Do they have a Rachel device to go along with these computers? - Other: - Text,Would you recommend putting a RACHEL here to go along with these computers? - Selected Choice,Would you recommend putting a RACHEL here to go along with these computers? - Other: - Text,Are any of the computers/computer parts broken?,What is broken? How many things are broken? Please describe the situation.,"When was the last RACHEL/computer training given to the school? (Estimate is okay, ex: ~2 months ago)",Does this school need additional training on computers?,Are the computers being used for subjects other than ICT?,Do you recommend this school be reviewed for a school project in the future?,Please describe what project(s) you think they should be considered for. - Selected Choice,Please describe what project(s) you think they should be considered for. - Other: - Text
9/10/2025 3:24:52,0,R_nzTsknIB4bSq76G,7.297644,-2.397433,Richard,NA,"Isaac,Richard,Alex,Peace",NA,Mobia,NA,"Routine Check In,Computer Training,Menstrual Kit Distribution and Training",NA,850,NA,NA,NA,NA,NA,NA,NA,NA,NA,NA,NA,NA,NA,NA,NA,NA,NA,NA,NA,NA,NA,NA,NA,NA,NA,NA,NA,NA,NA,NA,NA,NA,NA,NA,NA,NA,NA,NA,NA,NA,NA,NA,NA,NA,NA,NA,NA,NA,NA,NA,NA,NA,NA,NA,NA,NA,NA
9/17/2025 8:03:14,539,R_eW1PYvuhk3diCdq,5.986529,0.357595,Alex,NA,NA,NA,Luta,NA,"MGR Maintenance,Routine Check In,Survey Students",NA,115,124,13,76,19,Yes,48,19,NA,27,N/A,NA,NA,It works perfectly,NA,NA,NA,NA,Yes,NA,NA,NA,NA,NA,NA,NA,NA,Yes,3 or more times in a term,5- This describes our school,5- This describes our school,"No, they need a library",Yes,"Yes, another organization or the government has given them some","Yes, another organization or the government has provided access to clean water","Yes, they already had enough classrooms or another organization has provided them",Yes,NA,"Yes, from EPI",NA,10,NA,NA,NA,NA,NA,NA,NA,NA,NA,No,NA,16/09/2025,No,Yes,Yes,NA,NA
9/17/2025 6:50:07,475,R_jXEDYkMHvvJjR2N,5.892939,0.421933,Alex,NA,Other,Vincent,Madavunu,NA,"Routine Check In,Survey Students",NA,801,231,11,170,19,Yes,61,19,NA,33,NA,NA,NA,It works perfectly,NA,NA,NA,NA,Yes,NA,No,NA,19,13,Yes,NA,NA,Yes,3 or more times in a term,5- This describes our school,5- This describes our school,"No, they need a library",Yes,"Yes, another organization or the government has given them some","Yes, another organization or the government has provided access to clean water","Yes, they already had enough classrooms or another organization has provided them",Yes,NA,No,NA,NA,NA,NA,NA,NA,NA,NA,NA,NA,NA,NA,NA,NA,NA,NA,Yes,NA,NA
9/17/2025 5:41:12,533,R_jN2HwC67WfYYKRv,6.00501,0.424935,Alex,NA,NA,NA,Terhey,NA,"MGR Maintenance,Routine Check In,Survey Students",NA,700,153,9,106,9,Yes,47,9,NA,28,N/A,NA,NA,It works perfectly,NA,NA,NA,NA,Yes,NA,No,NA,15,8,Yes,NA,NA,Yes,1-2 times in a term,5- This describes our school,5- This describes our school,"No, they need a library",Yes,"Yes, another organization or the government has given them some","Yes, another organization or the government has provided access to clean water","Yes, they already had enough classrooms or another organization has provided them",Yes,NA,No,NA,NA,NA,NA,NA,NA,NA,NA,NA,NA,NA,NA,NA,NA,NA,NA,Yes,NA,NA
9/17/2025 4:07:57,860,R_ncZUSDIIDERCCTn,5.952784,0.371491,Alex,NA,NA,NA,Amuyaokope,NA,"Routine Check In,Survey Students",NA,1000,289,12,186,30,Yes,98,30,NA,26,N/A,NA,NA,It works perfectly,NA,NA,NA,NA,Yes,NA,NA,NA,NA,NA,NA,NA,NA,Yes,3 or more times in a term,5- This describes our school,5- This describes our school,"No, they need a library",Yes,"Yes, another organization or the government has given them some","Yes, another organization or the government has provided access to clean water","Yes, they already had enough classrooms or another organization has provided them",Yes,2025-01-01,"Yes, from EPI",NA,10,NA,NA,NA,NA,NA,NA,NA,NA,NA,No,NA,17/09/2025,No,Yes,Yes,NA,NA
9/18/2025 6:07:11,233,R_4xiYnkmps9CCvbW,5.9031,-0.522275,Alex,NA,NA,NA,Wurudu Wurudu,NA,"Routine Check In,Survey Students",NA,800,230,13,170,13,Yes,60,13,NA,NA,N/A,NA,NA,It works perfectly,NA,NA,NA,NA,Yes,NA,NA,NA,NA,NA,NA,NA,NA,Yes,3 or more times in a term,5- This describes our school,5- This describes our school,"Yes, EPI has given them a library",NA,"Yes, another organization or the government has given them some","Yes, EPI has helped them get access to clean water","Yes, EPI has built enough classrooms for them to use",Yes,NA,"Yes, from EPI",NA,10,NA,NA,NA,NA,NA,NA,NA,NA,NA,No,NA,18/09/2025,No,Yes,Maybe,NA,NA
9/23/2025 5:24:07,818,R_jjdhffBPcfj0YIk,5.973465,-0.215938,Alex,NA,NA,NA,Attabui,NA,"Routine Check In,Survey Students",NA,500,175,14,125,17,Yes,50,29,NA,29,29,NA,NA,It works perfectly,NA,NA,NA,NA,Yes,NA,NA,NA,NA,NA,NA,NA,NA,Yes,1-2 times in a term,5- This describes our school,5- This describes our school,"Yes, another organization or the government has given them a library",NA,"Yes, another organization or the government has given them some","Yes, another organization or the government has provided access to clean water","Yes, they already had enough classrooms or another organization has provided them",Yes,NA,"Yes, from EPI",NA,10,NA,NA,NA,NA,NA,NA,NA,NA,NA,No,NA,23/09/2025,No,Yes,Maybe,NA,NA
9/24/2025 6:03:47,287,R_ip0kKsuBEfb660B,6.296918,-0.689601,Richard,NA,NA,NA,Ekorso Akwadum,NA,"Routine Check In,Survey Students,Computer Training",NA,1860,268,11,68,48,NA,13,13,NA,37,37,NA,NA,NA,NA,NA,NA,NA,Yes,NA,NA,NA,NA,NA,NA,NA,NA,NA,1-2 times in a term,5- This describes our school,5- This describes our school,"Yes, another organization or the government has given them a library",NA,"Yes, another organization or the government has given them some","Yes, another organization or the government has provided access to clean water","Yes, they already had enough classrooms or another organization has provided them",Yes,NA,"Yes, from EPI",NA,10,NA,NA,NA,NA,NA,NA,NA,NA,NA,No,NA,23/08/2025,NA,Yes,Yes,NA,NA
9/18/2025 4:35:38,498,R_25lZ1XqNN4xi4xG,6.372827,-1.06349,Richard,NA,No,NA,Bepotumtum,NA,"Routine Check In,Survey Students,Computer Training",NA,900,120,7,47,15,NA,35,12,NA,19,N/A,NA,NA,It works perfectly,NA,NA,NA,NA,Yes,NA,NA,NA,NA,NA,NA,NA,NA,NA,1-2 times in a term,5- This describes our school,5- This describes our school,"Yes, EPI has given them a library",NA,"Yes, another organization or the government has given them some","Yes, EPI has helped them get access to clean water","Yes, they already had enough classrooms or another organization has provided them",Yes,NA,"Yes, from EPI",NA,10,NA,NA,NA,NA,NA,NA,NA,NA,NA,Yes,3 have broken down currently,18-08-2025,NA,Yes,No,NA,NA
9/24/2025 4:01:52,402,R_7QTbzfuxxFVgxrT,6.309029,-0.671611,Richard,NA,NA,NA,Wekpeti Abresu,NA,"Routine Check In,Survey Students,Computer Training",NA,1200,246,12,56,11,NA,58,15,NA,21,N/A,NA,NA,It works perfectly,NA,NA,NA,NA,Yes,NA,No,NA,N/A,N/A,No,NA,NA,NA,1-2 times in a term,3- This describes our school a little bit,3- This describes our school a little bit,"No, they need a library",Yes,"Yes, another organization or the government has given them some","Yes, another organization or the government has provided access to clean water","Yes, they already had enough classrooms or another organization has provided them",Yes,NA,No,NA,NA,NA,NA,NA,NA,NA,NA,NA,NA,NA,NA,NA,NA,NA,NA,Yes,NA,NA
9/29/2025 3:58:27,3196,R_lV8ejTFM8JocRyB,5.578254,-0.881774,Richard,NA,NA,NA,Mansokwa,NA,"MGR Maintenance,Routine Check In,Survey Students,Computer Training",NA,1230,150,11,107,13,NA,54,11,NA,24,11,NA,NA,It works perfectly,NA,NA,NA,NA,No,NA,Yes,[map[Text:1 Value:3]],14,13,Yes,NA,NA,NA,1-2 times in a term,3- This describes our school a little bit,5- This describes our school,"No, they need a library","No, they need a classroom block or building for their library","Yes, another organization or the government has given them some","Yes, EPI has helped them get access to clean water","Yes, they already had enough classrooms or another organization has provided them",Yes,NA,"Yes, but not from EPI",NA,NA,NA,20,NA,"They received some training, but it wasn't very helpful",NA,No,NA,Yes,NA,Yes,15,20/07/2025,Yes,Yes,No,NA,NA
10/2/2025 4:49:57,160,R_3dqSEJ82AA879Jd,6.358422,-0.66243,Richard,NA,No,NA,Abrenya,NA,"MGR Maintenance,Routine Check In,Survey Students,Computer Training",NA,640,95,11,34,12,NA,28,12,NA,29,12,NA,NA,It works perfectly,NA,NA,NA,NA,Yes,NA,NA,NA,NA,NA,NA,NA,NA,NA,1-2 times in a term,3- This describes our school a little bit,3- This describes our school a little bit,"Yes, EPI has given them a library",NA,"Yes, EPI has helped build some","Yes, EPI has helped them get access to clean water","Yes, EPI has built enough classrooms for them to use",Yes,NA,No,NA,NA,NA,NA,NA,NA,NA,NA,NA,NA,NA,NA,NA,NA,NA,NA,Yes,NA,NA
10/14/2025 5:06:26,327,R_9HemqAhOLK3SnP0,7.662775,-0.991046,Richard,NA,"Richard,Alex,Peace,Other",Akuvi,Old Konkompe,NA,"MGR Maintenance,Routine Check In,Survey Students,Computer Training",NA,1020,320,10,154,11,NA,27,32,NA,24,32,NA,NA,It works perfectly,NA,NA,NA,NA,Yes,NA,NA,NA,NA,NA,NA,NA,NA,NA,They don't use them,1- This does not describe our school,1- This does not describe our school,"No, they need a library","No, they need a classroom block or building for their library","Yes, another organization or the government has given them some","Yes, another organization or the government has provided access to clean water","Yes, they already had enough classrooms or another organization has provided them",Yes,NA,No,NA,NA,NA,NA,NA,NA,NA,NA,NA,NA,NA,NA,NA,NA,NA,NA,No,NA,NA
10/6/2025 5:31:19,347,R_o0MJ2LSwWUFRfwm,6.849824,-1.136303,Isaac,NA,"Richard,Alex,Peace,Other",Akuvi,Bahankra,NA,"Routine Check In,Survey Students,Computer Training",NA,1200,335,17,102,24,NA,68,17,NA,22,17,NA,NA,It works perfectly,NA,NA,NA,NA,"No, but they have poles or power lines",NA,No,NA,17,17,Yes,NA,NA,NA,1-2 times in a term,5- This describes our school,5- This describes our school,"No, they need a library",Yes,"Yes, another organization or the government has given them some","Yes, another organization or the government has provided access to clean water","Yes, EPI has built enough classrooms for them to use",Yes,NA,No,NA,NA,NA,NA,NA,NA,NA,NA,NA,NA,NA,NA,NA,NA,NA,NA,Yes,NA,NA
10/14/2025 6:25:16,727,R_3cjfRUcxt0iP5aA,7.647276,-0.966038,Richard,NA,"Richard,Alex,Peace,Other",Akuvi,Watro (Watroso),NA,"Routine Check In,Survey Students,Computer Training",NA,2500,420,15,143,52,NA,110,9,NA,24,9,NA,NA,NA,NA,NA,NA,NA,Yes,NA,NA,NA,NA,NA,NA,NA,NA,NA,1-2 times in a term,3- This describes our school a little bit,3- This describes our school a little bit,"No, they need a library",Yes,"Yes, EPI has helped build some","Yes, EPI has helped them get access to clean water","Yes, EPI has built enough classrooms for them to use",Yes,NA,No,NA,NA,NA,NA,NA,NA,NA,NA,NA,NA,NA,NA,NA,NA,NA,NA,No,NA,NA
10/6/2025 8:18:25,224,R_kxp4ADlOy1E4hn8,6.990119,-1.099269,Richard,NA,"Alex,Peace,Other",Akuvi,Wenamda,NA,"MGR Maintenance,Routine Check In,Survey Students,Computer Training",NA,439,400,13,102,22,NA,120,21,NA,25,19,NA,NA,It works perfectly,NA,NA,NA,NA,No,NA,No,NA,15,15,NA,NA,NA,NA,1-2 times in a term,3- This describes our school a little bit,3- This describes our school a little bit,"Yes, EPI has given them a library",NA,"Yes, another organization or the government has given them some","Yes, another organization or the government has provided access to clean water","Yes, they already had enough classrooms or another organization has provided them",Yes,NA,No,NA,NA,NA,NA,NA,NA,NA,NA,NA,NA,NA,NA,NA,NA,NA,NA,No,NA,NA
10/7/2025 5:19:39,231,R_3pdOWYb4BY2O4Zi,7.125686,-0.676343,Richard,NA,"Richard,Alex,Peace,Other",Akuvi,Other:,Tuntum,"MGR Maintenance,Routine Check In,Survey Students,Computer Training",NA,569,110,17,46,6,NA,76,7,NA,11,7,NA,NA,It works perfectly,NA,NA,NA,NA,No,NA,No,NA,10,10,Yes,NA,NA,NA,1-2 times in a term,3- This describes our school a little bit,3- This describes our school a little bit,"No, they need a library","No, they need a classroom block or building for their library","Yes, EPI has helped build some","Yes, EPI has helped them get access to clean water","Yes, they already had enough classrooms or another organization has provided them",Yes,NA,No,NA,NA,NA,NA,NA,NA,NA,NA,NA,NA,NA,NA,NA,NA,NA,NA,No,NA,NA
10/6/2025 6:38:53,246,R_9FeLMdm48Tggnn7,6.865513,-1.217695,Richard,NA,"Alex,Peace,Other",Akuvi,Domase,NA,"Routine Check In,Survey Students,Computer Training",NA,1400,210,6,48,7,NA,7,N/A,NA,N/,N/A,NA,NA,It works perfectly,NA,NA,NA,NA,No,NA,No,NA,15,15,Yes,NA,NA,NA,They don't use them,1- This does not describe our school,1- This does not describe our school,"No, they need a library","No, they need a classroom block or building for their library","Yes, EPI has helped build some","Yes, EPI has helped them get access to clean water","No, this school needs more classrooms or an upgrade to their current buildings",Yes,NA,No,NA,NA,NA,NA,NA,NA,NA,NA,NA,NA,NA,NA,NA,NA,NA,NA,Yes,NA,NA
10/7/2025 3:35:53,226,R_7ZkgXP2Ltb9Hp1w,7.122943,-0.795534,Richard,NA,"Alex,Peace,Other",Akuvi,Other:,Mosipanin,"MGR Maintenance,Routine Check In,Survey Students,Computer Training",NA,2500,292,24,58,18,NA,18,18,NA,11,18,NA,NA,It works perfectly,NA,NA,NA,NA,No,NA,Yes,NA,10,10,Yes,NA,NA,NA,1-2 times in a term,5- This describes our school,5- This describes our school,"No, they need a library",Yes,NA,"Yes, EPI has helped them get access to clean water","Yes, EPI has built enough classrooms for them to use",Yes,NA,No,NA,NA,NA,NA,NA,NA,NA,NA,NA,NA,NA,NA,NA,NA,NA,NA,No,NA,NA
11/12/2025 3:25:09,967,R_5ui5bACK3c3Pr0b,5.945911,-0.327032,Alex,NA,"Peace,Akuvi",NA,Afransua Dedewa MA Primary,NA,"Routine Check In,Computer Training",NA,800,206,12,157,20,Yes,49,19,NA,Pass,19,NA,NA,It works perfectly,NA,NA,NA,NA,Yes,NA,NA,NA,NA,NA,NA,NA,NA,Yes,3 or more times in a term,5- This describes our school,5- This describes our school,"No, they need a library","No, they need a classroom block or building for their library","No, this school needs a toilet","No, this school needs a borehole or other clean water solution","No, this school needs more classrooms or an upgrade to their current buildings",Yes,2025-05-01,"Yes, from EPI",NA,10,NA,NA,NA,NA,NA,NA,NA,NA,NA,Yes,The roof leaked water into the lab and caused flooding,16/09/2025,No,Yes,NA,NA,NA
11/6/2025 3:04:46,798,R_lZZG5H4yOj7GOFh,5.946206,-0.540632,Alex,NA,"Alex,Peace,Akuvi",NA,Fawotrikosie,NA,"MGR Maintenance,Survey Students,Menstrual Kit Distribution and Training",NA,700,133,6,94,12,Yes,39,10,NA,27,10,NA,NA,It works perfectly,NA,NA,NA,NA,Yes,NA,NA,NA,NA,NA,NA,NA,NA,Yes,3 or more times in a term,5- This describes our school,5- This describes our school,"Yes, another organization or the government has given them a library",NA,"No, this school needs a toilet","Yes, EPI has helped them get access to clean water","Yes, EPI has built enough classrooms for them to use",Yes,2025-11-06,"Yes, from EPI",NA,10,NA,NA,NA,NA,NA,NA,NA,NA,NA,No,NA,06/11/2025,No,Yes,NA,NA,NA
11/13/2025 3:10:18,801,R_oAQdt5uZIrx3384,6.024739,0.259116,Alex,NA,NA,NA,Nyienpeya,NA,"MGR Maintenance,Routine Check In,Computer Training",NA,500,230,10,194,12,Yes,36,10,NA,27,9,NA,NA,It works perfectly,NA,NA,NA,NA,Yes,NA,No,NA,10,10,Yes,NA,NA,Yes,3 or more times in a term,5- This describes our school,5- This describes our school,"Yes, EPI has given them a library",NA,"Yes, another organization or the government has given them some","Yes, another organization or the government has provided access to clean water","Yes, EPI has built enough classrooms for them to use",Yes,2025-08-09,No,NA,NA,NA,NA,NA,NA,NA,NA,NA,NA,NA,NA,NA,NA,NA,NA,NA,NA,NA
11/14/2025 3:07:56,578,R_9Xm5Tz3TOyPnI5N,5.848665,0.047013,Alex,NA,NA,NA,Mampong Shai,NA,"MGR Maintenance,Routine Check In,Computer Training",NA,500,385,15,263,52,Yes,123,33,NA,24,20,NA,NA,It works perfectly,NA,NA,NA,NA,Yes,NA,NA,NA,NA,NA,NA,NA,NA,Yes,3 or more times in a term,5- This describes our school,5- This describes our school,"Yes, EPI has given them a library",NA,"Yes, another organization or the government has given them some","Yes, another organization or the government has provided access to clean water","Yes, they already had enough classrooms or another organization has provided them",Yes,2025-09-11,No,NA,NA,NA,NA,NA,NA,NA,NA,NA,NA,NA,NA,NA,NA,NA,NA,NA,NA,NA
10/27/2025 5:29:49,0,R_13ScTaesfS9euVb,6.155074,-0.329501,Richard,NA,Akuvi,NA,Mpaem,NA,Other,NA,1400,NA,NA,NA,NA,NA,NA,NA,NA,NA,NA,NA,NA,NA,NA,NA,NA,NA,NA,NA,NA,NA,NA,NA,NA,NA,NA,NA,NA,NA,NA,NA,NA,NA,NA,NA,NA,NA,NA,NA,NA,NA,NA,NA,NA,NA,NA,NA,NA,NA,NA,NA,NA,NA,NA,NA,NA,NA
9/30/2025 6:23:01,0,R_0Nc0uclb8l8i69L,6.158706,-0.338186,Richard,NA,No,NA,Mpaem,NA,Computer Training,NA,1300,NA,NA,NA,NA,NA,NA,NA,NA,NA,NA,NA,NA,NA,NA,NA,NA,NA,NA,NA,NA,NA,NA,NA,NA,NA,NA,NA,NA,NA,NA,NA,NA,NA,NA,NA,NA,NA,NA,NA,NA,NA,NA,NA,NA,NA,NA,NA,NA,NA,NA,NA,NA,NA,NA,NA,NA,NA
11/14/2025 4:07:41,710,R_25yML60l1fJ4Wvd,5.862957,0.031883,Alex,NA,Alex,NA,Dedenya,NA,"Routine Check In,Computer Training",NA,2500,490,17,287,56,Yes,142,42,NA,23,30,NA,NA,It works perfectly,NA,NA,NA,NA,Yes,NA,NA,NA,NA,NA,NA,NA,NA,Yes,1-2 times in a term,5- This describes our school,5- This describes our school,"Yes, EPI has given them a library",NA,"Yes, another organization or the government has given them some","Yes, another organization or the government has provided access to clean water","Yes, they already had enough classrooms or another organization has provided them",Yes,2025-09-11,"Yes, from EPI",NA,10,NA,NA,NA,NA,NA,NA,NA,NA,NA,No,NA,09/11/2025,No,Yes,NA,NA,NA
2025-10-29 7:03:25,808,R_kRLn0rPV9S1Woa6,5.5545,-0.1902,Richard,NA,"Alex, Akuvi, Other",Larry,NA,NA,"Survey Students, Computer Training",NA,2600,427,29,174,39,Yes,95,36,NA,13,36,NA,NA,It works perfectly,NA,NA,NA,NA,Yes,NA,NA,NA,NA,NA,NA,NA,NA,Yes,1-2 times in a term,3- This describes our school a little bit,3- This describes our school a little bit,"Yes, EPI has given them a library",NA,"Yes, another organization or the government has given them some","Yes, another organization or the government has provided access to clean water","Yes, they already had enough classrooms or another organization has provided them",Yes,20/10/25,"Yes, from EPI",NA,10,NA,NA,NA,NA,NA,NA,NA,NA,NA,No,NA,28/10/2025,Yes,Yes,NA,NA,NA
2026-01-22 4:05:25,776,R_aBNUG75panH2DzG,5.5545,-0.1902,Alex,NA,"Peace, Akuvi",NA,Mamakrom,NA,Routine Check In,NA,101,300,15,200,30,Yes,65,13,13,18,12,NA,Original Power Generating MGR,It works perfectly,NA,NA,NA,NA,Yes,"Yes, some students are still using lanterns powered by the MGR",Yes,6,10,8,Yes,NA,NA,Yes,3 or more times in a term,5- This describes our school,5- This describes our school,"Yes, another organization or the government has given them a library",NA,"Yes, another organization or the government has given them some","Yes, another organization or the government has provided access to clean water","Yes, they already had enough classrooms or another organization has provided them",Yes,3 months,No,NA,NA,NA,NA,NA,NA,NA,NA,NA,NA,NA,NA,NA,NA,NA,NA,No,NA,NA
2025-11-27 4:32:50,668,R_jfk1TqpJiJrDG4L,5.5545,-0.1902,Alex,NA,NA,NA,NA,NA,"MGR Maintenance, Routine Check In",NA,700,112,14,43,14,Yes,45,19,NA,29,19,NA,NA,It works perfectly,NA,NA,NA,NA,Yes,NA,No,NA,5,5,Yes,NA,NA,Yes,3 or more times in a term,5- This describes our school,5- This describes our school,"No, they need a library",Yes,"Yes, another organization or the government has given them some","Yes, another organization or the government has provided access to clean water","Yes, they already had enough classrooms or another organization has provided them",Yes,September,"Yes, from EPI",NA,10,NA,NA,NA,NA,NA,NA,NA,NA,NA,No,NA,10/09/2025,No,Yes,NA,NA,NA
2026-01-27 5:44:09,404,R_4iWKygVQVSwGA8r,5.5545,-0.1902,Richard,NA,NA,NA,NA,NA,Menstrual Kit Distribution and Training,NA,2200,243,18,215,11,Yes,28,13,NA,11,11,NA,NA,"The merry go round works well, but the charging station and solar panels have problems",NA,NA,NA,NA,"No, but they have poles or power lines",NA,No,NA,10,10,Yes,NA,NA,Yes,1-2 times in a term,5- This describes our school,5- This describes our school,"No, they need a library",Yes,"No, this school needs a toilet","Yes, EPI has helped them get access to clean water","Yes, they already had enough classrooms or another organization has provided them",Yes,NA,No,NA,NA,NA,NA,NA,NA,NA,NA,NA,NA,NA,NA,NA,NA,NA,NA,NA,NA,NA
2026-01-27 3:48:09,370,R_6rnl4EIo8jFtpzI,5.5545,-0.1902,Richard,NA,NA,NA,NA,NA,MGR Maintenance,NA,820,150,16,120,6,Yes,21,7,NA,11,11,NA,NA,It works perfectly,NA,NA,NA,NA,"No, but they have poles or power lines",NA,No,NA,10,10,Yes,NA,NA,Yes,1-2 times in a term,3- This describes our school a little bit,3- This describes our school a little bit,"No, they need a library","No, they need a classroom block or building for their library","Yes, another organization or the government has given them some","Yes, EPI has helped them get access to clean water","No, this school needs more classrooms or an upgrade to their current buildings",Yes,NA,No,NA,NA,NA,NA,NA,NA,NA,NA,NA,NA,NA,NA,NA,NA,NA,NA,NA,NA,NA
9/26/24 3:05,NA,NA,NA,NA,"Richard,Alex,Peace",NA,NA,NA,Attabui,NA,"Routine Program Evaluation,Project Update Visit",NA,500,200,17,64,20,NA,61,20,NA,N/A,N/A,NA,NA,It works perfectly,NA,NA,NA,NA,Yes,NA,NA,NA,NA,NA,NA,NA,NA,NA,3 or more times in a term,5- This describes our school,5- This describes our school,"Yes, EPI has given them a library",NA,"Yes, another organization or the government has given them some","Yes, another organization or the government has given them something to provide clean water","Yes, EPI has built enough classrooms for them to use",Yes,NA,Yes,NA,9,NA,NA,NA,NA,NA,NA,NA,NA,NA,No,NA,13/09/2024,NA,Yes,Yes,NA,NA
9/25/24 4:05,NA,NA,NA,NA,"Richard,Alex,Peace",NA,NA,NA,Nyienpeya,NA,"Routine Program Evaluation,Project Update Visit",NA,1500,190,10,31,15,NA,31,6,NA,N/A,N/A,NA,NA,It works perfectly,NA,NA,NA,NA,Yes,NA,No,NA,11,11,Yes,NA,NA,NA,3 or more times in a term,5- This describes our school,5- This describes our school,"Yes, EPI has given them a library",NA,"Yes, EPI has helped build some","No, this school needs a borehole or other clean water solution","No, this school needs more classrooms or an upgrade to their current buildings",Yes,NA,No,NA,NA,NA,NA,NA,NA,NA,NA,NA,NA,NA,NA,NA,NA,NA,NA,Yes,NA,NA
9/25/24 7:12,NA,NA,NA,NA,"Richard,Alex,Peace",NA,NA,NA,Dedenya,NA,"Routine Program Evaluation,Project Update Visit",NA,4000,478,16,159,57,NA,165,42,NA,N/A,N/A,NA,NA,It works perfectly,NA,NA,NA,NA,Yes,NA,NA,NA,NA,NA,NA,NA,NA,NA,3 or more times in a term,5- This describes our school,5- This describes our school,"Yes, EPI has given them a library",NA,"Yes, EPI has helped build some","Yes, another organization or the government has given them something to provide clean water","Yes, they already had enough classrooms or another organization has provided them",Yes,NA,No,NA,NA,NA,NA,NA,NA,NA,NA,NA,NA,NA,NA,NA,NA,NA,NA,Yes,NA,NA
9/26/24 4:10,NA,NA,NA,NA,"Richard,Alex,Peace",NA,NA,NA,Akwansu,NA,"Routine Program Evaluation,Project Update Visit",NA,NA,230,14,73,23,NA,53,14,NA,N/A,N/A,NA,NA,It works perfectly,NA,NA,NA,NA,No,NA,No,NA,10,10,Yes,NA,NA,NA,3 or more times in a term,5- This describes our school,5- This describes our school,"No, they need a library",Yes,"Yes, another organization or the government has given them some","Yes, EPI has helped them get access to clean water","Yes, they already had enough classrooms or another organization has provided them",Yes,NA,No,NA,NA,NA,NA,NA,NA,NA,NA,NA,NA,NA,NA,NA,NA,NA,NA,Yes,NA,NA
9/26/24 5:01,NA,NA,NA,NA,"Richard,Alex",NA,NA,NA,Obosonu,NA,"Routine Program Evaluation,Project Update Visit",NA,1000,252,9,71,22,NA,61,23,NA,N/A,N/A,NA,NA,It works perfectly,NA,NA,NA,NA,No,NA,No,NA,21,21,Yes,NA,NA,NA,3 or more times in a term,5- This describes our school,5- This describes our school,"Yes, EPI has given them a library",NA,"Yes, EPI has helped build some","Yes, another organization or the government has given them something to provide clean water","Yes, they already had enough classrooms or another organization has provided them",Yes,NA,Yes,NA,10,NA,NA,NA,NA,NA,NA,NA,NA,NA,No,NA,04/06/2024,NA,Yes,Yes,NA,NA
9/26/24 2:15,NA,NA,NA,NA,"Richard,Alex,Peace",NA,NA,NA,Adenya,NA,"Routine Program Evaluation,Project Update Visit",NA,300,75,8,20,16,NA,24,16,NA,N/A,N/A,NA,NA,It works perfectly,NA,NA,NA,NA,No,NA,No,NA,7,7,Yes,NA,NA,NA,3 or more times in a term,5- This describes our school,5- This describes our school,"Yes, EPI has given them a library",NA,"Yes, another organization or the government has given them some","No, this school needs a borehole or other clean water solution","Yes, they already had enough classrooms or another organization has provided them",Yes,NA,No,NA,NA,NA,NA,NA,NA,NA,NA,NA,NA,NA,NA,NA,NA,NA,NA,Yes,NA,NA
9/25/24 6:34,NA,NA,NA,NA,"Richard,Alex,Peace",NA,NA,NA,Mampong Shai,NA,"Routine Program Evaluation,Project Update Visit",NA,NA,400,14,134,28,NA,102,40,NA,N/A,N/A,NA,NA,It works perfectly,NA,NA,NA,NA,Yes,NA,NA,NA,NA,NA,NA,NA,NA,NA,3 or more times in a term,5- This describes our school,5- This describes our school,"Yes, EPI has given them a library",NA,"No, this school needs a toilet","No, this school needs a borehole or other clean water solution","No, this school needs more classrooms or an upgrade to their current buildings",Yes,NA,No,NA,NA,NA,NA,NA,NA,NA,NA,NA,NA,NA,NA,NA,NA,NA,NA,Yes,NA,NA
9/27/24 5:43,NA,NA,NA,NA,"Richard,Peace",NA,NA,NA,Anamenampa,NA,"Routine Program Evaluation,Project Update Visit",NA,500,130,14,38,10,NA,29,7,NA,N/A,N/A,NA,NA,It works perfectly,NA,NA,NA,NA,No,NA,No,NA,22,22,Yes,NA,NA,NA,3 or more times in a term,5- This describes our school,5- This describes our school,"No, they need a library","No, they need a classroom block or building for their library","No, this school needs a toilet","No, this school needs a borehole or other clean water solution","No, this school needs more classrooms or an upgrade to their current buildings",Yes,NA,No,NA,NA,NA,NA,NA,NA,NA,NA,NA,NA,NA,NA,NA,NA,NA,NA,Yes,NA,NA
9/16/24 3:02,NA,NA,NA,NA,Other,NA,NA,NA,Amuyaokope,NA,"Routine Program Evaluation,Project Update Visit",NA,262,5,15,0,30,NA,83,30,NA,Not yet,Not yet,NA,NA,It works perfectly,NA,NA,NA,NA,Yes,NA,NA,NA,NA,NA,NA,NA,NA,NA,1-2 times in a term,5- This describes our school,5- This describes our school,"No, they need a library",Yes,"Yes, another organization or the government has given them some","Yes, another organization or the government has given them something to provide clean water","Yes, they already had enough classrooms or another organization has provided them",Yes,NA,Yes,NA,10,NA,NA,NA,NA,NA,NA,NA,NA,NA,No,NA,26/07/2024,NA,Yes,Yes,NA,NA
9/16/24 4:07,NA,NA,NA,NA,NA,NA,NA,NA,Luta,NA,"Routine Program Evaluation,Project Update Visit",NA,350,141,11,71,16,NA,19,16,NA,Not yet,Not yet,NA,NA,It works perfectly,NA,NA,NA,NA,Yes,NA,NA,NA,NA,NA,NA,NA,NA,NA,3 or more times in a term,5- This describes our school,5- This describes our school,"No, they need a library",Yes,"Yes, another organization or the government has given them some","Yes, another organization or the government has given them something to provide clean water","Yes, they already had enough classrooms or another organization has provided them",Yes,NA,Yes,NA,10,NA,NA,NA,NA,NA,NA,NA,NA,NA,No,NA,20/11/2023,NA,Yes,Yes,NA,NA
9/16/24 5:48,NA,NA,NA,NA,NA,NA,NA,NA,Madavunu,NA,"Routine Program Evaluation,Project Update Visit",NA,500,206,11,47,16,NA,68,16,NA,Not yet,Not yet,NA,NA,It works perfectly,NA,NA,NA,NA,Yes,NA,No,NA,16,16,Yes,NA,NA,NA,3 or more times in a term,5- This describes our school,5- This describes our school,"No, they need a library",Yes,"No, this school needs a toilet","Yes, another organization or the government has given them something to provide clean water","Yes, they already had enough classrooms or another organization has provided them",Yes,NA,No,NA,NA,NA,NA,NA,NA,NA,NA,NA,NA,NA,NA,NA,NA,NA,NA,Yes,NA,NA
9/16/24 6:30,NA,NA,NA,NA,NA,NA,NA,NA,Terhey,NA,"Routine Program Evaluation,Project Update Visit",NA,215,140,5,49,2,NA,24,2,NA,Not yet,Not yet,NA,NA,It works perfectly,NA,NA,NA,NA,Yes,NA,No,NA,12,12,Yes,NA,NA,NA,3 or more times in a term,5- This describes our school,5- This describes our school,"No, they need a library",Yes,"Yes, another organization or the government has given them some","Yes, another organization or the government has given them something to provide clean water","Yes, EPI has built enough classrooms for them to use",Yes,NA,No,NA,NA,NA,NA,NA,NA,NA,NA,NA,NA,NA,NA,NA,NA,NA,NA,Yes,NA,NA
9/17/24 3:19,NA,NA,NA,NA,"Isaac,Richard,Peace",NA,NA,NA,Azizakpem,NA,"Routine Program Evaluation,Project Update Visit",NA,NA,56,4,24,0,NA,0,0,NA,0,0,NA,NA,They don't have one,NA,NA,NA,NA,No,NA,NA,NA,NA,NA,NA,NA,NA,NA,3 or more times in a term,5- This describes our school,5- This describes our school,"No, they need a library",Yes,"Yes, another organization or the government has given them some","No, this school needs a borehole or other clean water solution","No, this school needs more classrooms or an upgrade to their current buildings",No,NA,No,NA,NA,NA,NA,NA,NA,NA,NA,NA,NA,NA,NA,NA,NA,NA,NA,Yes,NA,NA
9/17/24 4:18,NA,NA,NA,NA,"Isaac,Richard,Alex",NA,NA,NA,Alorkpem Island,NA,"Routine Program Evaluation,Project Update Visit",NA,1450,208,10,54,27,NA,67,23,NA,Not yet,Not yet,NA,NA,It works perfectly,NA,NA,NA,NA,No,NA,No,NA,30,30,Yes,NA,NA,NA,3 or more times in a term,5- This describes our school,5- This describes our school,"Yes, EPI has given them a library",NA,"Yes, another organization or the government has given them some","Yes, another organization or the government has given them something to provide clean water","Yes, they already had enough classrooms or another organization has provided them",Yes,NA,Yes,NA,10,NA,NA,NA,NA,NA,NA,NA,NA,NA,No,NA,27/02/2024,NA,Yes,Yes,NA,NA
9/17/24 7:13,NA,NA,NA,NA,"Isaac,Richard,Peace",NA,NA,NA,Pediatorkope,NA,"Routine Program Evaluation,Project Update Visit",NA,2800,364,14,101,32,NA,97,38,NA,Not yet,Not yet,NA,NA,It works perfectly,NA,NA,NA,NA,No,NA,Yes,"Stolen,Broken",0,30,Yes,NA,NA,NA,3 or more times in a term,5- This describes our school,5- This describes our school,"No, they need a library",Yes,"Yes, another organization or the government has given them some","Yes, another organization or the government has given them something to provide clean water","Yes, they already had enough classrooms or another organization has provided them",Yes,NA,No,NA,NA,NA,NA,NA,NA,NA,NA,NA,NA,NA,NA,NA,NA,NA,NA,Yes,NA,NA
9/18/24 3:53,NA,NA,NA,NA,"Isaac,Richard,Peace",NA,NA,NA,Minya,NA,"Routine Program Evaluation,Project Update Visit",NA,800,134,10,38,10,NA,31,10,NA,Not yet,Not yet,NA,NA,It works perfectly,NA,NA,NA,NA,Yes,NA,No,NA,12,12,Yes,NA,NA,NA,3 or more times in a term,5- This describes our school,5- This describes our school,"No, they need a library",Yes,"Yes, another organization or the government has given them some","Yes, EPI has helped them get access to clean water","Yes, EPI has built enough classrooms for them to use",Yes,NA,No,NA,NA,NA,NA,NA,NA,NA,NA,NA,NA,NA,NA,NA,NA,NA,NA,Yes,NA,NA
10/1/24 2:33,NA,NA,NA,NA,"Alex,Peace",NA,NA,NA,Yorogo-Asorogobisi,NA,"Routine Program Evaluation,Project Update Visit",NA,700,130,19,35,12,NA,38,21,NA,N/A,N/A,NA,NA,It works perfectly,NA,NA,NA,NA,Yes,NA,NA,NA,NA,NA,NA,NA,NA,NA,3 or more times in a term,5- This describes our school,5- This describes our school,"No, they need a library",Yes,"No, this school needs a toilet","Yes, EPI has helped them get access to clean water","Yes, they already had enough classrooms or another organization has provided them",Yes,NA,Yes,NA,10,NA,NA,NA,NA,NA,NA,NA,NA,NA,No,NA,12/09/2024,NA,Yes,Yes,NA,NA
10/1/24 4:34,NA,NA,NA,NA,"Alex, Richard, Peace",NA,NA,NA,Akyeremanteng,NA,"Routine Program Evaluation,Project Update Visit",NA,800,116,10,33,9,NA,25,14,NA,N/A,N/A,NA,NA,It works perfectly,NA,NA,NA,NA,No,NA,No,NA,5,5,Yes,NA,NA,NA,3 or more times in a term,5- This describes our school,5- This describes our school,"No, they need a library",Yes,"No, this school needs a toilet","No, this school needs a borehole or other clean water solution","Yes, they already had enough classrooms or another organization has provided them",Yes,NA,No,NA,NA,NA,NA,NA,NA,NA,NA,NA,NA,NA,NA,NA,NA,NA,NA,Yes,NA,NA
10/1/24 6:11,NA,NA,NA,NA,"Richard, Alex",NA,NA,NA,Yonguase,NA,"Routine Program Evaluation,Project Update Visit",NA,1000,158,5,48,10,NA,33,7,NA,N/A,N/A,NA,NA,It works perfectly,NA,NA,NA,NA,No,NA,No,NA,17,17,Yes,NA,NA,NA,3 or more times in a term,5- This describes our school,5- This describes our school,"Yes, EPI has given them a library",NA,"Yes, EPI has helped build some","No, this school needs a borehole or other clean water solution","Yes, they already had enough classrooms or another organization has provided them",Yes,NA,No,NA,NA,NA,NA,NA,NA,NA,NA,NA,NA,NA,NA,NA,NA,NA,NA,Yes,NA,NA
10/2/24 3:28,NA,NA,NA,NA,"Richard, Peace",NA,NA,NA,Obelemanya,NA,"Routine Program Evaluation,Project Update Visit",NA,550,59,5,16,8,NA,24,3,NA,N/A,N/A,NA,NA,It works perfectly,NA,NA,NA,NA,Yes,NA,No,NA,6,6,Yes,NA,NA,NA,1-2 times in a term,5- This describes our school,5- This describes our school,"No, they need a library",Yes,"Yes, another organization or the government has given them some","No, this school needs a borehole or other clean water solution","Yes, they already had enough classrooms or another organization has provided them",No,NA,No,NA,NA,NA,NA,NA,NA,NA,NA,NA,NA,NA,NA,NA,NA,NA,NA,Yes,NA,NA
10/2/24 6:35,NA,NA,NA,NA,"Richard, Alex",NA,NA,NA,Tsledom,NA,"Routine Program Evaluation,Project Update Visit",NA,500,130,6,27,6,NA,20,0,NA,N/A,N/A,NA,NA,It works perfectly,NA,NA,NA,NA,No,NA,No,NA,18,18,Yes,NA,NA,NA,1-2 times in a term,5- This describes our school,5- This describes our school,"No, they need a library",Yes,"No, this school needs a toilet","Yes, another organization or the government has given them something to provide clean water","Yes, they already had enough classrooms or another organization has provided them",Yes,NA,No,NA,NA,NA,NA,NA,NA,NA,NA,NA,NA,NA,NA,NA,NA,NA,NA,Yes,NA,NA
10/7/24 4:18,NA,NA,NA,NA,"Richard, Alex",NA,NA,NA,Old Konkompe,NA,"Routine Program Evaluation,Project Update Visit",NA,2000,297,12,165,25,NA,65,12,NA,N/A,N/A,NA,NA,There is another part broken (please specify):,NA,NA,NA,NA,Yes,NA,No,NA,8,10,Yes,NA,NA,NA,3 or more times in a term,5- This describes our school,5- This describes our school,"No, they need a library",Yes,"Yes, another organization or the government has given them some","Yes, another organization or the government has given them something to provide clean water","Yes, EPI has built enough classrooms for them to use",Yes,NA,No,NA,NA,NA,NA,NA,NA,NA,NA,NA,NA,NA,NA,NA,NA,NA,NA,Yes,NA,NA
10/7/24 5:09,NA,NA,NA,NA,"Richard, Alex",NA,NA,NA,Watro (Watroso),NA,"Routine Program Evaluation,Project Update Visit",NA,1500,262,15,57,22,NA,40,11,NA,N/A,N/A,NA,NA,They don't have one,NA,NA,NA,NA,Yes,NA,NA,NA,NA,NA,NA,NA,NA,NA,3 or more times in a term,5- This describes our school,5- This describes our school,"No, they need a library",Yes,"Yes, another organization or the government has given them some","Yes, EPI has helped them get access to clean water","Yes, EPI has built enough classrooms for them to use",Yes,NA,No,NA,NA,NA,NA,NA,NA,NA,NA,NA,NA,NA,NA,NA,NA,NA,NA,Yes,NA,NA
10/7/24 6:28,NA,NA,NA,NA,"Richard, Peace",NA,NA,NA,Nwowom,NA,"Routine Program Evaluation,Project Update Visit",NA,NA,62,11,15,N/A,NA,N/A,NA,NA,NA,NA,1-2 km,NA,It works perfectly,NA,NA,NA,NA,No,NA,NA,NA,NA,NA,NA,NA,NA,NA,3 or more times in a term,5- This describes our school,5- This describes our school,"No, they need a library","No, they need a classroom block or building for their library","Yes, EPI has helped build some","No, this school needs a borehole or other clean water solution","No, this school needs more classrooms or an upgrade to their current buildings",Yes,NA,No,NA,NA,NA,NA,NA,NA,NA,NA,NA,NA,NA,NA,NA,NA,NA,NA,"No, they do not need anything or they need to work on their lantern program more.",NA,NA
10/9/24 2:04,NA,NA,NA,NA,"Richard, Alex",NA,NA,NA,Nwawasua MA,NA,"Routine Program Evaluation,Project Update Visit",NA,1500,550,30,131,42,NA,109,24,NA,N/A,N/A,NA,NA,"It has trouble spinning, need to be fixed",NA,NA,NA,NA,Yes,NA,NA,NA,NA,NA,NA,NA,NA,NA,3 or more times in a term,5- This describes our school,1- This does not describe our school,"Yes, EPI has given them a library",NA,"Yes, another organization or the government has given them some","Yes, another organization or the government has given them something to provide clean water","Yes, they already had enough classrooms or another organization has provided them",Yes,NA,"They have computers, but not from us.",NA,NA,NA,NA,NA,NA,NA,NA,NA,NA,NA,NA,NA,NA,NA,NA,Yes,NA,NA
10/9/24 3:04,NA,NA,NA,NA,"Richard, Alex",NA,NA,NA,Kurasua #1 MA,NA,"Routine Program Evaluation,Project Update Visit",NA,500,240,11,52,21,NA,60,16,NA,N/A,N/A,NA,NA,It works perfectly,NA,NA,NA,NA,Yes,NA,Yes,Broken,16,23,Yes,NA,NA,NA,3 or more times in a term,5- This describes our school,5- This describes our school,"Yes, EPI has given them a library",NA,"No, this school needs a toilet","Yes, another organization or the government has given them something to provide clean water","No, this school needs more classrooms or an upgrade to their current buildings",Yes,NA,No,NA,NA,NA,NA,NA,NA,NA,NA,NA,NA,NA,NA,NA,NA,NA,NA,Yes,NA,NA
10/15/24 2:31,NA,NA,NA,NA,"Richard, Alex",NA,NA,NA,Wurudu Wurudu,NA,"Routine Program Evaluation,Project Update Visit",NA,1200,175,11,52,12,NA,33,14,NA,N/A,N/A,NA,NA,They don't have one,NA,NA,NA,NA,Yes,NA,NA,NA,NA,NA,NA,NA,NA,NA,3 or more times in a term,5- This describes our school,5- This describes our school,"Yes, EPI has given them a library",NA,"Yes, EPI has helped build some","Yes, EPI has helped them get access to clean water","Yes, EPI has built enough classrooms for them to use",Yes,NA,Yes,NA,8,NA,NA,NA,NA,NA,NA,NA,NA,NA,Yes,1 it not booting properly,06-06-2024,NA,Yes,Yes,NA,NA
10/15/24 3:36,NA,NA,NA,NA,"Richard, Alex",NA,NA,NA,Fawotrikosie,NA,"Routine Program Evaluation,Project Update Visit",NA,600,135,7,41,11,NA,35,8,NA,N/A,N/A,NA,NA,It works perfectly,NA,NA,NA,NA,Yes,NA,NA,NA,NA,NA,NA,NA,NA,NA,3 or more times in a term,5- This describes our school,5- This describes our school,"Yes, EPI has given them a library",NA,"Yes, another organization or the government has given them some","Yes, EPI has helped them get access to clean water","Yes, EPI has built enough classrooms for them to use",Yes,NA,Yes,NA,10,NA,NA,NA,NA,NA,NA,NA,NA,NA,No,NA,04-07-2024,NA,Yes,Yes,NA,NA
11/4/24 4:42,NA,NA,NA,NA,"Richard, Isaac, Alex, Peace, National Service Personel",NA,NA,NA,Wenamda,NA,"Routine Program Evaluation,Project Update Visit",NA,760,369,20,117,25,NA,73,23,NA,21,N/A,NA,NA,It works perfectly,NA,NA,NA,NA,No,NA,Yes,Broken,6,14,Yes,NA,NA,NA,3 or more times in a term,5- This describes our school,5- This describes our school,"No, they need a library",Yes,"No, this school needs a toilet","Yes, another organization or the government has given them something to provide clean water","Yes, EPI has built enough classrooms for them to use",Yes,NA,No,NA,NA,NA,NA,NA,NA,NA,NA,NA,NA,NA,NA,NA,NA,NA,NA,NA,NA,NA
11/7/24 23:34,NA,NA,NA,NA,"Alex, Peace",NA,NA,NA,Mamakrom,NA,"Routine Program Evaluation,Project Update Visit",NA,1000,323,14,100,27,NA,62,14,NA,N/A,N/A,NA,NA,It works perfectly,NA,NA,NA,NA,Other,NA,Yes,Broken,12,16,Yes,NA,NA,NA,3 or more times in a term,5- This describes our school,5- This describes our school,"Yes, another organization or the government has given them a library",NA,"Yes, another organization or the government has given them some","Yes, another organization or the government has given them something to provide clean water","Yes, they already had enough classrooms or another organization has provided them",Yes,NA,"They have computers, but they're from a different NGO",NA,NA,NA,NA,NA,NA,NA,NA,NA,NA,NA,NA,NA,NA,NA,NA,NA,NA,NA
11/13/24 2:18,NA,NA,NA,NA,"Alex, Richard",NA,NA,NA,Wekpeti Abresu,NA,"Routine Program Evaluation,Project Update Visit",NA,600,267,13,51,18,NA,50,22,NA,20,20,NA,NA,It works perfectly,NA,NA,NA,NA,Yes,NA,NA,NA,NA,NA,NA,NA,NA,NA,3 or more times in a term,5- This describes our school,5- This describes our school,"No, they need a library",Yes,"Yes, EPI has helped build some","Yes, another organization or the government has given them something to provide clean water","No, this school needs more classrooms or an upgrade to their current buildings",Yes,NA,No,NA,NA,NA,NA,NA,NA,NA,NA,NA,NA,NA,NA,NA,NA,NA,NA,NA,NA,NA
11/13/24 7:17,NA,NA,NA,NA,"Alex, Richard",NA,NA,NA,Bepotumtum,NA,"Routine Program Evaluation,Project Update Visit",NA,1500,145,7,41,16,NA,36,5,NA,15,4,NA,NA,It works perfectly,NA,NA,NA,NA,Yes,NA,NA,NA,NA,NA,NA,NA,NA,NA,3 or more times in a term,5- This describes our school,5- This describes our school,"Yes, EPI has given them a library",NA,"No, this school needs a toilet","Yes, EPI has helped them get access to clean water","Yes, they already had enough classrooms or another organization has provided them",Yes,NA,Yes,NA,NA,NA,NA,NA,NA,NA,NA,NA,NA,NA,NA,NA,NA,NA,NA,NA,NA,NA
11/13/24 2:47,NA,NA,NA,NA,"Alex, Richard",NA,NA,NA,Ekorso Akwadum,NA,"Routine Program Evaluation,Project Update Visit",NA,1210,187,9,61,27,NA,66,20,NA,14,18,NA,NA,It works perfectly,NA,NA,NA,NA,Yes,NA,NA,NA,NA,NA,NA,NA,NA,NA,3 or more times in a term,5- This describes our school,5- This describes our school,"Yes, EPI has given them a library",NA,"Yes, another organization or the government has given them some","Yes, another organization or the government has given them something to provide clean water","Yes, they already had enough classrooms or another organization has provided them",Yes,NA,Yes,NA,NA,NA,NA,NA,NA,NA,NA,NA,NA,NA,NA,NA,NA,NA,NA,NA,NA,NA
11/13/24 4:55,NA,NA,NA,NA,"Alex, Peace",NA,NA,NA,Abrenya,NA,"Routine Program Evaluation,Project Update Visit",NA,350,98,11,35,11,NA,33,10,NA,24,10,NA,NA,It works perfectly,NA,NA,NA,NA,Yes,NA,No,NA,11,11,Yes,NA,NA,NA,3 or more times in a term,5- This describes our school,5- This describes our school,"Yes, EPI has given them a library",NA,"No, this school needs a toilet","Yes, EPI has helped them get access to clean water","Yes, EPI has built enough classrooms for them to use",Yes,NA,No,NA,NA,NA,NA,NA,NA,NA,NA,NA,NA,NA,NA,NA,NA,NA,NA,NA,NA,NA
11/20/24 7:15,NA,NA,NA,NA,"Richard, Isaac",NA,NA,NA,Nyariga Girls' School,NA,"Routine Program Evaluation,Project Update Visit",NA,600,450,10,200,55,NA,135,27,NA,N/A,N/A,NA,NA,It works perfectly,NA,NA,NA,NA,Yes,NA,Yes,Broken,3,10,Yes,NA,NA,NA,3 or more times in a term,5- This describes our school,5- This describes our school,"No, they need a library",Yes,"Yes, another organization or the government has given them some","Yes, another organization or the government has given them something to provide clean water","No, this school needs more classrooms or an upgrade to their current buildings",Yes,NA,No,NA,NA,NA,NA,NA,NA,NA,NA,NA,NA,NA,NA,NA,NA,NA,NA,NA,NA,NA
11/14/24 2:18,NA,NA,NA,NA,"Alex, Richard",NA,NA,NA,Ntomem,NA,"Routine Program Evaluation,Project Update Visit",NA,NA,569,18,140,67,NA,158,44,NA,22,N/A,NA,NA,It works perfectly,NA,NA,NA,NA,No,NA,Yes,Broken,14,15,Yes,NA,NA,NA,3 or more times in a term,5- This describes our school,5- This describes our school,"No, they need a library",Yes,"Yes, another organization or the government has given them some","No, this school needs a borehole or other clean water solution","Yes, they already had enough classrooms or another organization has provided them",Yes,NA,No,NA,NA,NA,NA,NA,NA,NA,NA,NA,NA,NA,NA,NA,NA,NA,NA,NA,NA,NA
11/25/24 5:18,NA,NA,NA,NA,"Alex, Richard",NA,NA,NA,Zippo Nyuinyui,NA,"Routine Program Evaluation,Project Update Visit",NA,600,275,9,88,29,NA,66,5,NA,22,5,NA,NA,It works perfectly,NA,NA,NA,NA,No,NA,No,NA,20,20,Yes,NA,NA,NA,3 or more times in a term,5- This describes our school,5- This describes our school,"No, they need a library",Yes,"Yes, EPI has helped build some","Yes, another organization or the government has given them something to provide clean water","No, this school needs more classrooms or an upgrade to their current buildings",Yes,NA,No,NA,NA,NA,NA,NA,NA,NA,NA,NA,NA,NA,NA,NA,NA,NA,NA,NA,NA,NA
11/25/24 2:28,NA,NA,NA,NA,"Alex, Richard",NA,NA,NA,Ador Kope R/C Primary,NA,"Routine Program Evaluation,Project Update Visit",NA,600,186,6,49,15,NA,30,7,NA,11,7,NA,NA,It works perfectly,NA,NA,NA,NA,No,NA,No,NA,20,20,Yes,NA,NA,NA,3 or more times in a term,5- This describes our school,5- This describes our school,"No, they need a library",Yes,"Yes, EPI has helped build some","Yes, another organization or the government has given them something to provide clean water","No, this school needs more classrooms or an upgrade to their current buildings",Yes,NA,No,NA,NA,NA,NA,NA,NA,NA,NA,NA,NA,NA,NA,NA,NA,NA,NA,NA,NA,NA
11/20/24 7:45,NA,NA,NA,NA,Alex,NA,NA,NA,Ataampuutum A/B,NA,"Routine Program Evaluation,Project Update Visit",NA,700,271,9,101,33,NA,83,13,NA,N/A,13,NA,NA,It works perfectly,NA,NA,NA,NA,Yes,NA,NA,NA,NA,NA,NA,NA,NA,NA,3 or more times in a term,5- This describes our school,5- This describes our school,"No, they need a library",Yes,"No, this school needs a toilet","No, this school needs a borehole or other clean water solution","No, this school needs more classrooms or an upgrade to their current buildings",Yes,NA,No,NA,NA,NA,NA,NA,NA,NA,NA,NA,NA,NA,NA,NA,NA,NA,NA,NA,NA,NA
12/30/24 14:11,NA,NA,NA,NA,"Isaac,Richard,Alex,Peace",NA,NA,NA,Galalia,NA,"Routine Program Evaluation,Surveyor Team Visit,Project Update Visit",NA,2500,300,7,125,0,NA,0,0,NA,0,0,NA,NA,It works perfectly,NA,NA,NA,NA,No,NA,Eastern,Upper manya,NA,2501,"Routine Program Evaluation,Surveyor Team Visit,Project Update Visit",NA,NA,NA,1-2 times in a term,3- This describes our school a little bit,3- This describes our school a little bit,NA,-80.46428571,-110.3452381,-140.2261905,-170.1071429,-199.9880952,NA,-259.75,-289.6309524,1.175824176,NA,NA,NA,NA,NA,NA,NA,NA,NA,1.008791209,0.8417582418,0.6747252747,NA,0.5076923077,0.1736263736,NA,NA
12/30/24 14:29,NA,NA,NA,NA,"Isaac,Richard,Alex,Peace",NA,NA,NA,Kpala Government,NA,"Routine Program Evaluation,Surveyor Team Visit,Project Update Visit",NA,960,205,8,109,0,NA,0,0,NA,0,0,NA,NA,"The merry go round works well, but the charging station and solar panels have problems",NA,NA,NA,NA,No,NA,Eastern,Afram Plains,NA,961,"Routine Program Evaluation,Surveyor Team Visit,Project Update Visit",NA,NA,NA,1-2 times in a term,1- This does not describe our school,1- This does not describe our school,NA,-56.28571429,-77.73809524,-99.19047619,-120.6428571,-142.0952381,NA,-185,-206.452381,1.230769231,NA,NA,NA,NA,NA,NA,NA,NA,NA,1.09010989,0.9494505495,0.8087912088,NA,0.6681318681,0.3868131868,NA,NA
12/30/24 14:34,NA,NA,NA,NA,"Isaac,Richard,Alex,Peace",NA,NA,NA,Kpala Private,NA,"Routine Program Evaluation,Surveyor Team Visit,Project Update Visit",NA,NA,56,4,40,0,NA,0,0,NA,0,0,NA,NA,"The merry go round works well, but the charging station and solar panels have problems",NA,NA,NA,NA,No,NA,Eastern,Afram plains,NA,NA,"Routine Program Evaluation,Surveyor Team Visit,Project Update Visit",NA,NA,NA,They don't use them,1- This does not describe our school,1- This does not describe our school,NA,-16,-22.33333333,-28.66666667,-35,-41.33333333,NA,-54,-60.33333333,0,NA,NA,NA,NA,NA,NA,NA,NA,NA,-0.5714285714,-1.142857143,-1.714285714,NA,-2.285714286,-3.428571429,NA,NA
12/30/24 14:37,NA,NA,NA,NA,"Isaac,Richard,Alex,Peace",NA,NA,NA,Essam,NA,"Routine Program Evaluation,Surveyor Team Visit,Project Update Visit",NA,NA,45,4,0,0,NA,0,0,NA,0,0,NA,NA,It works perfectly,NA,NA,NA,NA,Yes,NA,Eastern,0da,NA,NA,"Routine Program Evaluation,Surveyor Team Visit,Project Update Visit",NA,NA,NA,They don't use them,1- This does not describe our school,1- This does not describe our school,NA,-11.82142857,-15.80952381,-19.79761905,-23.78571429,-27.77380952,NA,-35.75,-39.73809524,1.230769231,NA,NA,NA,NA,NA,NA,NA,NA,NA,1.09010989,0.9494505495,0.8087912088,NA,0.6681318681,0.3868131868,NA,NA
12/30/24 14:42,NA,NA,NA,NA,"Isaac,Richard,Alex,Peace",NA,NA,NA,Other:,NA,"Routine Program Evaluation,Surveyor Team Visit,Project Update Visit",NA,890,276,7,154,17,NA,34,12,NA,21,NA,NA,NA,It works perfectly,NA,NA,NA,NA,No,NA,Bono Region,Sekyere Kumawu,NA,891,"Routine Program Evaluation,Surveyor Team Visit,Project Update Visit",NA,NA,NA,1-2 times in a term,3- This describes our school a little bit,3- This describes our school a little bit,NA,-54.26666667,-93.58095238,-132.8952381,-172.2095238,-211.5238095,NA,NA,22,1.230769231,NA,NA,NA,NA,NA,NA,NA,NA,NA,1.09010989,0.9494505495,0.8087912088,NA,0.6681318681,0.3868131868,NA,NA
12/30/24 14:46,NA,NA,NA,NA,"Isaac,Richard,Alex,Peace",NA,NA,NA,Other:,NA,"Routine Program Evaluation,Surveyor Team Visit,Project Update Visit",NA,NA,243,8,124,32,NA,45,8,NA,23,8,NA,NA,It works perfectly,NA,NA,NA,NA,No,NA,Ashanti,Sekyere Kumawu,NA,NA,"Routine Program Evaluation,Surveyor Team Visit,Project Update Visit",NA,NA,NA,1-2 times in a term,1- This does not describe our school,1- This does not describe our school,NA,-39.07142857,-61.39285714,-83.71428571,-106.0357143,-128.3571429,NA,-173,-195.3214286,1.230769231,NA,NA,NA,NA,NA,NA,NA,NA,NA,1.09010989,0.9494505495,0.8087912088,NA,0.6681318681,0.3868131868,NA,NA
1/8/25 3:59,NA,NA,NA,NA,Alex,NA,NA,NA,Afransua Dedewa MA Primary,NA,"MGR Maintenance,Routine Program Evaluation",NA,800,270,16,68,15,NA,51,15,NA,16,12,NA,NA,It works perfectly,NA,NA,NA,NA,Yes,NA,NA,NA,NA,NA,NA,NA,NA,NA,3 or more times in a term,5- This describes our school,5- This describes our school,"No, they need a library",Yes,"Yes, another organization or the government has given them some","Yes, EPI has helped them get access to clean water","Yes, EPI has built enough classrooms for them to use",Yes,NA,Yes,NA,NA,NA,NA,NA,NA,NA,NA,NA,NA,NA,NA,NA,NA,NA,NA,NA,NA,NA
1/9/25 2:35,NA,NA,NA,NA,Alex,NA,NA,NA,Anamenampa,NA,"MGR Maintenance,Routine Program Evaluation",NA,600,161,14,41,8,NA,29,7,NA,26,6,NA,NA,It works perfectly,NA,NA,NA,NA,No,NA,No,NA,20,20,Yes,NA,NA,NA,3 or more times in a term,5- This describes our school,5- This describes our school,"No, they need a library","No, they need a classroom block or building for their library","Yes, another organization or the government has given them some","Yes, another organization or the government has given them something to provide clean water","No, this school needs more classrooms or an upgrade to their current buildings",Yes,NA,No,NA,NA,NA,NA,NA,NA,NA,NA,NA,NA,NA,NA,NA,NA,NA,NA,NA,NA,NA
1/13/25 1:53,NA,NA,NA,NA,Alex,NA,NA,NA,Nyienpeya,NA,"MGR Maintenance,Routine Program Evaluation",NA,600,180,10,53,10,NA,34,8,NA,22,8,NA,NA,It works perfectly,NA,NA,NA,NA,No,NA,No,NA,14,14,Yes,NA,NA,NA,3 or more times in a term,5- This describes our school,5- This describes our school,"Yes, EPI has given them a library",NA,"Yes, another organization or the government has given them some","Yes, another organization or the government has given them something to provide clean water","Yes, EPI has built enough classrooms for them to use",Yes,NA,No,NA,NA,NA,NA,NA,NA,NA,NA,NA,NA,NA,NA,NA,NA,NA,NA,NA,NA,NA
1/13/25 5:40,NA,NA,NA,NA,Alex,NA,NA,NA,Minya,NA,"MGR Maintenance,Routine Program Evaluation",NA,600,122,12,31,7,NA,29,10,NA,16,9,NA,NA,It works perfectly,NA,NA,NA,NA,No,NA,Yes,Stolen,NA,12,Yes,NA,NA,NA,3 or more times in a term,5- This describes our school,5- This describes our school,"No, they need a library",Yes,"Yes, another organization or the government has given them some","Yes, another organization or the government has given them something to provide clean water","Yes, EPI has built enough classrooms for them to use",Yes,NA,No,NA,NA,NA,NA,NA,NA,NA,NA,NA,NA,NA,NA,NA,NA,NA,NA,NA,NA,NA
1/15/25 2:06,NA,NA,NA,NA,Alex,NA,NA,NA,Alorkpem Island,NA,"MGR Maintenance,Routine Program Evaluation",NA,892,192,10,88,30,NA,62,22,NA,21,17,NA,NA,It works perfectly,NA,NA,NA,NA,Yes,NA,NA,NA,NA,NA,NA,NA,NA,NA,3 or more times in a term,5- This describes our school,5- This describes our school,"No, they need a library",Yes,"Yes, another organization or the government has given them some","Yes, another organization or the government has given them something to provide clean water","Yes, they already had enough classrooms or another organization has provided them",Yes,NA,Yes,NA,NA,NA,NA,NA,NA,NA,NA,NA,NA,NA,NA,NA,NA,NA,NA,NA,NA,NA
1/15/25 3:40,NA,NA,NA,NA,"Alex, Peace",NA,NA,NA,Pediatorkope,NA,"MGR Maintenance,Routine Program Evaluation",NA,1200,315,14,83,37,NA,93,38,NA,27,29,NA,NA,It works perfectly,NA,NA,NA,NA,Yes,NA,No,NA,10,10,Yes,NA,NA,NA,3 or more times in a term,5- This describes our school,5- This describes our school,"No, they need a library",Yes,"Yes, another organization or the government has given them some","Yes, another organization or the government has given them something to provide clean water","Yes, they already had enough classrooms or another organization has provided them",Yes,NA,No,NA,NA,NA,NA,NA,NA,NA,NA,NA,NA,NA,NA,NA,NA,NA,NA,NA,NA,NA
1/16/25 2:29,NA,NA,NA,NA,"Alex, Peace",NA,NA,NA,Bomigo,NA,"MGR Maintenance,Routine Program Evaluation",NA,700,130,5,37,17,NA,36,11,NA,41,2,NA,NA,It works perfectly,NA,NA,NA,NA,No,NA,No,NA,14,17,Yes,NA,NA,NA,3 or more times in a term,5- This describes our school,5- This describes our school,"No, they need a library",Yes,"Yes, another organization or the government has given them some","Yes, another organization or the government has given them something to provide clean water","Yes, they already had enough classrooms or another organization has provided them",Yes,NA,"They have computers, but they're from a different NGO",NA,NA,NA,NA,NA,NA,NA,NA,NA,NA,NA,NA,NA,NA,NA,NA,NA,NA,NA
1/20/25 4:11,NA,NA,NA,NA,Alex,NA,NA,NA,Obosonu,NA,MGR Maintenance,NA,1050,233,9,42,23,NA,69,23,NA,23,18,NA,NA,It works perfectly,NA,NA,NA,NA,No,NA,No,NA,21,21,Yes,NA,NA,NA,3 or more times in a term,5- This describes our school,5- This describes our school,"No, they need a library",Yes,"Yes, another organization or the government has given them some","Yes, another organization or the government has given them something to provide clean water","Yes, they already had enough classrooms or another organization has provided them",Yes,NA,Yes,NA,NA,NA,NA,NA,NA,NA,NA,NA,NA,NA,NA,NA,NA,NA,NA,NA,NA,NA
1/21/25 2:42,NA,NA,NA,NA,"Alex, Peace",NA,NA,NA,Dedenya,NA,"MGR Maintenance,Routine Program Evaluation,Project Update Visit",NA,1500,500,16,160,58,NA,155,40,NA,14,30,NA,NA,It works perfectly,NA,NA,NA,NA,Yes,NA,NA,NA,NA,NA,NA,NA,NA,NA,3 or more times in a term,5- This describes our school,5- This describes our school,"Yes, EPI has given them a library",NA,"Yes, another organization or the government has given them some","Yes, another organization or the government has given them something to provide clean water","Yes, they already had enough classrooms or another organization has provided them",Yes,NA,No,NA,NA,NA,NA,NA,NA,NA,NA,NA,NA,NA,NA,NA,NA,NA,NA,NA,NA,NA
1/28/25 3:02,NA,NA,NA,NA,"Alex, Peace",NA,NA,NA,Amuyaokope,NA,"MGR Maintenance,Routine Program Evaluation",NA,600,296,14,81,NA,NA,36,30,NA,24,20,NA,NA,There is another part broken (please specify):,"3 legs broken, and is repaired","3 legs broken, and is repaired",NA,NA,Yes,NA,NA,NA,NA,NA,NA,NA,NA,NA,3 or more times in a term,5- This describes our school,5- This describes our school,"No, they need a library",Yes,"Yes, EPI has helped build some","Yes, EPI has helped them get access to clean water","Yes, EPI has built enough classrooms for them to use",Yes,NA,Yes,NA,NA,NA,NA,NA,NA,NA,NA,NA,NA,NA,NA,NA,NA,NA,NA,NA,NA,NA
1/28/25 3:29,NA,NA,NA,NA,"Alex, Peace",NA,NA,NA,Luta,NA,"MGR Maintenance,Routine Program Evaluation",NA,500,130,13,28,22,NA,63,16,NA,20,12,NA,NA,It works perfectly,NA,NA,NA,NA,Yes,NA,NA,NA,NA,NA,NA,NA,NA,NA,3 or more times in a term,5- This describes our school,5- This describes our school,"No, they need a library",Yes,"Yes, another organization or the government has given them some","Yes, another organization or the government has given them something to provide clean water","Yes, they already had enough classrooms or another organization has provided them",Yes,NA,Yes,NA,NA,NA,NA,NA,NA,NA,NA,NA,NA,NA,NA,NA,NA,NA,NA,NA,NA,NA
2/12/25 3:26,NA,NA,NA,NA,Richard,NA,NA,NA,Mobia,NA,"Routine Program Evaluation,Project Update Visit",NA,2080,176,1,23,0,NA,0,0,NA,0,0,NA,NA,It works perfectly,NA,NA,NA,NA,No,NA,No,NA,20,20,Yes,NA,NA,NA,1-2 times in a term,3- This describes our school a little bit,3- This describes our school a little bit,"No, they need a library","No, they need a classroom block or building for their library","Yes, EPI has helped build some","Yes, EPI has helped them get access to clean water","Yes, EPI has built enough classrooms for them to use",Yes,NA,No,NA,NA,NA,NA,NA,NA,NA,NA,NA,NA,NA,NA,NA,NA,NA,NA,NA,NA,NA
2/20/25 2:31,NA,NA,NA,NA,"Richard, Alex, Peace",NA,NA,NA,Mansokwa,NA,"MGR Maintenance,Routine Program Evaluation,Project Update Visit",NA,600,123,11,37,12,NA,38,14,NA,30,10,NA,NA,"The merry go round works well, but the charging station and solar panels have problems",NA,NA,NA,NA,No,NA,No,NA,24,2,Yes,NA,NA,NA,3 or more times in a term,5- This describes our school,5- This describes our school,"No, they need a library","No, they need a classroom block or building for their library","Yes, another organization or the government has given them some","Yes, EPI has helped them get access to clean water","Yes, EPI has built enough classrooms for them to use",Other,NA,No,NA,NA,NA,NA,NA,NA,NA,NA,NA,NA,NA,NA,NA,NA,NA,NA,NA,NA,NA
2/24/25 5:00,NA,NA,NA,NA,Isaac,NA,NA,NA,Akwanserem D/A Basic School,NA,"MGR Maintenance,Project Update Visit",NA,710,185,9,54,15,NA,31,0,NA,0,0,NA,NA,"It has trouble spinning, need to be fixed",NA,NA,NA,NA,No,NA,Yes,Broken,14,14,Yes,NA,NA,NA,1-2 times in a term,1- This does not describe our school,1- This does not describe our school,"No, they need a library","No, they need a classroom block or building for their library","No, this school needs a toilet","No, this school needs a borehole or other clean water solution","Yes, they already had enough classrooms or another organization has provided them",Yes,NA,No,NA,NA,NA,NA,NA,NA,NA,NA,NA,NA,NA,NA,NA,NA,NA,NA,NA,NA,NA
4/2/25 7:24,NA,NA,NA,NA,Richard,NA,NA,NA,Essam,NA,"MGR Maintenance,Routine Program Evaluation,Project Update Visit",NA,1600,73,5,10,No,NA,No,No,NA,No,No,NA,NA,It works perfectly,NA,NA,NA,NA,Yes,NA,NA,NA,NA,NA,NA,NA,NA,NA,They don't use them,1- This does not describe our school,1- This does not describe our school,"Yes, another organization or the government has given them a library",NA,"Yes, another organization or the government has given them some","Yes, another organization or the government has given them something to provide clean water","Yes, they already had enough classrooms or another organization has provided them",No,NA,No,NA,NA,NA,NA,NA,NA,NA,NA,NA,NA,NA,NA,NA,NA,NA,NA,NA,NA,NA
"{""ImportId"":""startDate"",""timeZone"":""America/Denver""}","{""ImportId"":""duration""}","{""ImportId"":""_recordId""}","{""ImportId"":""locationLatitude""}","{""ImportId"":""locationLongitude""}","{""ImportId"":""QID43""}","{""ImportId"":""QID43_4_TEXT""}",NA,NA,"{""ImportId"":""QID1""}","{""ImportId"":""QID1_69_TEXT""}","{""ImportId"":""QID18""}","{""ImportId"":""QID18_5_TEXT""}","{""ImportId"":""QID32_TEXT""}","{""ImportId"":""QID10_TEXT""}","{""ImportId"":""QID14_TEXT""}","{""ImportId"":""QID12_TEXT""}","{""ImportId"":""QID33_TEXT""}",NA,"{""ImportId"":""QID13_TEXT""}","{""ImportId"":""QID31_TEXT""}",NA,"{""ImportId"":""QID47_TEXT""}","{""ImportId"":""QID34_TEXT""}","{""ImportId"":""QID15""}",NA,NA,NA,NA,NA,NA,"{""ImportId"":""QID7""}",NA,"{""ImportId"":""QID23""}","{""ImportId"":""QID26""}","{""ImportId"":""QID42_TEXT""}","{""ImportId"":""QID24_TEXT""}","{""ImportId"":""QID25""}",NA,NA,NA,"{""ImportId"":""QID19""}","{""ImportId"":""QID20_1""}","{""ImportId"":""QID20_2""}","{""ImportId"":""QID35""}","{""ImportId"":""QID36""}","{""ImportId"":""QID37""}","{""ImportId"":""QID38""}","{""ImportId"":""QID39""}","{""ImportId"":""QID44""}",NA,NA,NA,NA,NA,NA,NA,NA,NA,NA,NA,NA,NA,NA,NA,NA,NA,NA,"{""ImportId"":""QID41""}",NA,NA
2022-10-06 06:55:46,538,R_9AdDl486XWDX3hu,6.538276,-0.605733,Richard,NA,NA,NA,Galalia,NA,"MGR Maintenance,Routine Program Evaluation,Project Update Visit",NA,1500,800,15,122,34,NA,30,34,NA,20,30,NA,NA,NA,NA,NA,NA,NA,No,NA,No,NA,0,0,Yes,NA,NA,NA,They don't use them,1- This does not describe our school,3- This describes our school a little bit,"No, they need a library",Yes,"Yes, another organization or the government has given them some","Yes, another organization or the government has given them something to provide clean water","No, this school needs more classrooms or an upgrade to their current buildings",Yes,NA,NA,NA,NA,NA,NA,NA,NA,NA,NA,NA,NA,NA,NA,NA,NA,NA,NA,Yes,NA,NA
2023-03-02 04:07:11,559,R_cbLPk0m3Cx4jLs3,6.231194,-0.057426,Richard,NA,NA,NA,Nwowom,NA,"MGR Maintenance,Routine Program Evaluation,Surveyor Team Visit,Project Update Visit",NA,1900,190,7,40,14,NA,40,12,NA,31,8,NA,NA,NA,NA,NA,NA,NA,No,NA,Yes,"Lost,Stolen,Broken",10,10,Yes,NA,NA,NA,1-2 times in a term,5- This describes our school,5- This describes our school,"Yes, EPI has given them a library",NA,"Yes, another organization or the government has given them some","Yes, another organization or the government has given them something to provide clean water","Yes, they already had enough classrooms or another organization has provided them",Yes,NA,NA,NA,NA,NA,NA,NA,NA,NA,NA,NA,NA,NA,NA,NA,NA,NA,NA,Maybe in the future,NA,NA
2023-02-20 05:42:50,428,R_dMEIu6VJqUTCZ0a,5.95849,-0.205793,Richard,NA,NA,NA,Alorkpem Island,NA,"Routine Program Evaluation,Surveyor Team Visit",NA,1200,228,18,72,28,NA,57,12,NA,13,Not yet. Still checking results,NA,NA,NA,NA,NA,NA,NA,Yes,NA,NA,NA,NA,NA,NA,NA,NA,NA,They don't use them,1- This does not describe our school,1- This does not describe our school,"Yes, EPI has given them a library",NA,"Yes, another organization or the government has given them some","Yes, EPI has helped them get access to clean water","No, this school needs more classrooms or an upgrade to their current buildings",Yes,NA,NA,NA,NA,NA,NA,NA,NA,NA,NA,NA,NA,NA,NA,NA,NA,NA,NA,Yes,NA,NA
2023-02-14 04:20:31,2987,R_i7FjpUdtuR7wpKl,6.326831,-0.677472,Richard,NA,NA,NA,Ntomem,NA,"MGR Maintenance,Surveyor Team Visit,Project Update Visit",NA,1200,120,9,77,41,NA,41,41,NA,19,41,NA,NA,NA,NA,NA,NA,NA,"No, but they have poles or power lines",NA,No,NA,0,12,Yes,NA,NA,NA,1-2 times in a term,5- This describes our school,5- This describes our school,"Yes, another organization or the government has given them a library",NA,"Yes, another organization or the government has given them some","Yes, EPI has helped them get access to clean water","Yes, they already had enough classrooms or another organization has provided them",No,NA,NA,NA,NA,NA,NA,NA,NA,NA,NA,NA,NA,NA,NA,NA,NA,NA,NA,Maybe in the future,NA,NA
2023-02-20 07:35:47,371,R_09WPQ7XEcunQmRd,5.919704,-0.161134,Richard,NA,NA,NA,2,NA,"Routine Program Evaluation,Surveyor Team Visit",NA,400,84,10,27,5,NA,28,11,NA,Still checking results,NA,NA,NA,NA,NA,NA,NA,NA,Other,NA,Yes,"Lost,Broken",16,14,Yes,NA,NA,NA,1-2 times in a term,3- This describes our school a little bit,3- This describes our school a little bit,"Yes, EPI has given them a library",NA,"Yes, another organization or the government has given them some","Yes, another organization or the government has given them something to provide clean water","Yes, they already had enough classrooms or another organization has provided them",Yes,NA,NA,NA,NA,NA,NA,NA,NA,NA,NA,NA,NA,NA,NA,NA,NA,NA,NA,Maybe in the future,NA,NA
2023-02-20 04:26:41,717,R_dBq4xV90oYaSKyh,5.963754,-0.219562,Isaac,NA,NA,NA,Galalia,NA,"MGR Maintenance,Surveyor Team Visit,Project Update Visit",NA,2100,596,10,66,32,NA,180,38,NA,24,N/A,NA,NA,NA,NA,NA,NA,NA,No,NA,No,NA,16,15,Yes,NA,NA,NA,1-2 times in a term,3- This describes our school a little bit,5- This describes our school,"No, they need a library",Yes,"Yes, another organization or the government has given them some","Yes, another organization or the government has given them something to provide clean water","No, this school needs more classrooms or an upgrade to their current buildings",Yes,NA,NA,NA,NA,NA,NA,NA,NA,NA,NA,NA,NA,NA,NA,NA,NA,NA,NA,Maybe in the future,NA,NA
2023-02-15 04:21:09,653,R_gyO6WgI7MIP8R3f,6.372071,-1.063662,Richard,NA,NA,NA,Anateem Sumbrungu,NA,"Surveyor Team Visit,Project Update Visit",NA,980,149,7,25,10,NA,25,12,NA,21,N/A,NA,NA,NA,NA,NA,NA,NA,Yes,NA,Yes,Broken,5,3,Yes,NA,NA,NA,They don't use them,3- This describes our school a little bit,3- This describes our school a little bit,"Yes, EPI has given them a library",NA,"Yes, another organization or the government has given them some","No, this school needs a borehole or other clean water solution","Yes, they already had enough classrooms or another organization has provided them",Yes,NA,NA,NA,NA,NA,NA,NA,NA,NA,NA,NA,NA,NA,NA,NA,NA,NA,NA,Yes,NA,NA
2023-02-14 06:42:53,583,R_dH87FQfxqjQPAcd,6.305701,-0.721928,Richard,NA,NA,NA,Begoro,NA,"MGR Maintenance,Surveyor Team Visit,Project Update Visit",NA,2000,263,67,21,21,NA,67,20,NA,18,N/A,NA,NA,NA,NA,NA,NA,NA,Yes,NA,NA,NA,NA,NA,NA,NA,NA,NA,They don't use them,3- This describes our school a little bit,3- This describes our school a little bit,"Yes, EPI has given them a library",NA,"Yes, another organization or the government has given them some","Yes, another organization or the government has given them something to provide clean water","No, this school needs more classrooms or an upgrade to their current buildings",Yes,NA,NA,NA,NA,NA,NA,NA,NA,NA,NA,NA,NA,NA,NA,NA,NA,NA,NA,Maybe in the future,NA,NA
2023-03-14 04:01:09,1161,R_nG0Vs7DBIjSovDF,5.912206,-0.256356,Richard,NA,NA,NA,Obelemanya,NA,"Routine Program Evaluation,Surveyor Team Visit,Project Update Visit",NA,5300,300,17,87,28,NA,89,34,NA,24,30,NA,NA,NA,NA,NA,NA,NA,No,NA,Yes,"Lost,Broken",12,10,Yes,NA,NA,NA,They don't use them,3- This describes our school a little bit,3- This describes our school a little bit,"No, they need a library",Yes,"Yes, another organization or the government has given them some","Yes, another organization or the government has given them something to provide clean water","Yes, they already had enough classrooms or another organization has provided them",Yes,NA,NA,NA,NA,NA,NA,NA,NA,NA,NA,NA,NA,NA,NA,NA,NA,NA,NA,"No, they do not need anything or they need to work on their lantern program more.",NA,NA
2023-03-22 07:21:55,742,R_bhMjsBuL32q1g93,5.814526,0.72805,Richard,NA,NA,NA,Obelemanya,NA,"Routine Program Evaluation,Surveyor Team Visit,Project Update Visit",NA,600,167,9,35,18,NA,30,18,NA,25,10,NA,NA,NA,NA,NA,NA,NA,No,NA,No,NA,22,22,Yes,NA,NA,NA,1-2 times in a term,5- This describes our school,5- This describes our school,"No, they need a library",Yes,"Yes, another organization or the government has given them some","Yes, another organization or the government has given them something to provide clean water","No, this school needs more classrooms or an upgrade to their current buildings",Yes,NA,NA,NA,NA,NA,NA,NA,NA,NA,NA,NA,NA,NA,NA,NA,NA,NA,NA,Yes,NA,NA
2023-04-12 02:56:25,4185,R_msJ0S7Wl2TS8lfL,5.93566,0.338888,Richard,NA,NA,NA,Ador Kope R/C Primary,NA,"MGR Maintenance,Routine Program Evaluation,Surveyor Team Visit",NA,1500,270,11,86,33,NA,74,19,NA,27,14,NA,NA,NA,NA,NA,NA,NA,Yes,NA,NA,NA,NA,NA,NA,NA,NA,NA,They don't use them,3- This describes our school a little bit,3- This describes our school a little bit,"No, they need a library","No, they need a classroom block or building for their library","Yes, another organization or the government has given them some","Yes, another organization or the government has given them something to provide clean water","No, this school needs more classrooms or an upgrade to their current buildings",Yes,NA,NA,NA,NA,NA,NA,NA,NA,NA,NA,NA,NA,NA,NA,NA,NA,NA,NA,Maybe in the future,NA,NA
2023-04-14 02:29:38,703,R_0jsCGQ0OwWnx2qq,5.972241,0.423937,Richard,NA,NA,NA,Domase,NA,"Routine Program Evaluation,Surveyor Team Visit,Project Update Visit",NA,560,205,7,65,20,NA,40,15,NA,21,13,NA,NA,NA,NA,NA,NA,NA,Yes,NA,No,NA,0,15,Yes,NA,NA,NA,They don't use them,3- This describes our school a little bit,3- This describes our school a little bit,"No, they need a library","No, they need a classroom block or building for their library",NA,"Yes, another organization or the government has given them something to provide clean water","Yes, EPI has built enough classrooms for them to use",Yes,NA,NA,NA,NA,NA,NA,NA,NA,NA,NA,NA,NA,NA,NA,NA,NA,NA,NA,"No, they do not need anything or they need to work on their lantern program more.",NA,NA
2023-04-12 06:04:23,536,R_lIFsVpVmu0Owlxo,5.986397,0.357028,Richard,NA,NA,NA,Dedewa,NA,"Routine Program Evaluation,Surveyor Team Visit,Project Update Visit",NA,1200,148,14,101,23,NA,47,16,NA,20,12,NA,NA,NA,NA,NA,NA,NA,Yes,NA,NA,NA,NA,NA,NA,NA,NA,NA,They don't use them,1- This does not describe our school,1- This does not describe our school,"Yes, another organization or the government has given them a library",NA,"Yes, another organization or the government has given them some","Yes, another organization or the government has given them something to provide clean water","Yes, they already had enough classrooms or another organization has provided them",Yes,NA,NA,NA,NA,NA,NA,NA,NA,NA,NA,NA,NA,NA,NA,NA,NA,NA,NA,Maybe in the future,NA,NA
2023-04-19 03:57:38,3315,R_cTtO8wlGQco5ZF2,5.519211,-0.868392,Richard,NA,NA,NA,Pediatorkope,NA,"MGR Maintenance,Routine Program Evaluation,Surveyor Team Visit,Project Update Visit",NA,100,158,12,44,7,NA,42,11,NA,21,5,NA,NA,NA,NA,NA,NA,NA,No,NA,Yes,Broken,26,25,Yes,NA,NA,NA,They don't use them,1- This does not describe our school,1- This does not describe our school,"No, they need a library",Yes,"Yes, another organization or the government has given them some","Yes, another organization or the government has given them something to provide clean water","Yes, EPI has built enough classrooms for them to use",Yes,NA,NA,NA,NA,NA,NA,NA,NA,NA,NA,NA,NA,NA,NA,NA,NA,NA,NA,Maybe in the future,NA,NA
2023-04-14 04:12:10,1487,R_kWHJhtMSVNIgvLZ,5.983474,0.402017,Richard,NA,NA,NA,Mamakrom,NA,"MGR Maintenance,Routine Program Evaluation,Surveyor Team Visit,Project Update Visit",NA,NA,143,8,85,18,NA,39,22,NA,NA,22,1-2 km,NA,NA,NA,NA,NA,NA,Yes,NA,No,NA,15,15,No,NA,NA,NA,They don't use them,1- This does not describe our school,1- This does not describe our school,"No, they need a library",NA,"Yes, another organization or the government has given them some","Yes, another organization or the government has given them something to provide clean water","Yes, they already had enough classrooms or another organization has provided them",Yes,NA,NA,NA,NA,NA,NA,NA,NA,NA,NA,NA,NA,NA,NA,NA,NA,NA,NA,Maybe in the future,NA,NA
2023-05-25 06:37:35,758,R_0W6Q5Y0HMWHCjMk,5.29984,-2.071878,George,NA,NA,NA,Minya,NA,"Routine Program Evaluation,Surveyor Team Visit",NA,3800,384,11,85,33,NA,32,14,NA,22,10,NA,NA,NA,NA,NA,NA,NA,Yes,NA,No,NA,26,13,Yes,NA,NA,NA,3 or more times in a term,5- This describes our school,5- This describes our school,"No, they need a library",Yes,"Yes, another organization or the government has given them some","Yes, another organization or the government has given them something to provide clean water","Yes, they already had enough classrooms or another organization has provided them",No,NA,NA,NA,NA,NA,NA,NA,NA,NA,NA,NA,NA,NA,NA,NA,NA,NA,NA,"No, they do not need anything or they need to work on their lantern program more.",NA,NA
2023-10-24 04:12:34,3573,R_dhFRJdupONLeUWv,6.326044,-0.683595,Richard,NA,NA,NA,Ntomem,NA,"MGR Maintenance,Routine Program Evaluation,Surveyor Team Visit,Project Update Visit",NA,600,189,10,70,18,NA,49,11,NA,24,NA,NA,NA,NA,NA,NA,NA,NA,"No, but they have poles or power lines",NA,No,NA,13,13,Yes,NA,NA,NA,1-2 times in a term,5- This describes our school,5- This describes our school,"No, they need a library",Yes,"Yes, another organization or the government has given them some","Yes, EPI has helped them get access to clean water","Yes, they already had enough classrooms or another organization has provided them",Yes,NA,NA,NA,NA,NA,NA,NA,NA,NA,NA,NA,NA,NA,NA,NA,NA,NA,NA,Maybe in the future,NA,NA
2023-10-24 07:07:54,1549,R_hXn8JhvkiVa2O3d,6.295118,-0.629748,Richard,NA,NA,NA,Begoro,NA,"MGR Maintenance,Routine Program Evaluation,Surveyor Team Visit,Project Update Visit",NA,800,194,16,78,20,NA,64,20,NA,20,18,NA,NA,NA,NA,NA,NA,NA,Yes,NA,NA,NA,NA,NA,NA,NA,NA,NA,1-2 times in a term,5- This describes our school,3- This describes our school a little bit,"Yes, EPI has given them a library",NA,"Yes, another organization or the government has given them some","Yes, EPI has helped them get access to clean water","Yes, they already had enough classrooms or another organization has provided them",Yes,NA,NA,NA,NA,NA,NA,NA,NA,NA,NA,NA,NA,NA,NA,NA,NA,NA,NA,Maybe in the future,NA,NA
2023-10-27 04:41:44,1451,R_9dbMN5kl2zVyM1Y,6.220658,-0.347632,Richard,NA,NA,NA,Ferekoroba,NA,"MGR Maintenance,Routine Program Evaluation,Surveyor Team Visit,Project Update Visit",NA,900,114,19,25,10,NA,15,20,NA,18,18,NA,NA,NA,NA,NA,NA,NA,Yes,NA,NA,NA,NA,NA,NA,NA,NA,NA,1-2 times in a term,5- This describes our school,5- This describes our school,"Yes, EPI has given them a library",NA,"Yes, another organization or the government has given them some","Yes, EPI has helped them get access to clean water","Yes, they already had enough classrooms or another organization has provided them",Yes,NA,NA,NA,NA,NA,NA,NA,NA,NA,NA,NA,NA,NA,NA,NA,NA,NA,NA,Maybe in the future,NA,NA
2023-10-10 06:40:38,4476,R_bgpBt0MR6ve8NlQ,5.299919,-2.07194,George,NA,NA,NA,Wangarakrom,NA,"MGR Maintenance,Routine Program Evaluation,Surveyor Team Visit",NA,3000,350,7,94,32,NA,32,21,NA,22,15,NA,NA,NA,NA,NA,NA,NA,Yes,NA,Yes,Lost,11,4,Yes,NA,NA,NA,1-2 times in a term,5- This describes our school,5- This describes our school,"Yes, another organization or the government has given them a library",NA,"Yes, another organization or the government has given them some","Yes, another organization or the government has given them something to provide clean water","Yes, they already had enough classrooms or another organization has provided them",Other,NA,NA,NA,NA,NA,NA,NA,NA,NA,NA,NA,NA,NA,NA,NA,NA,NA,NA,"No, they do not need anything or they need to work on their lantern program more.",NA,NA
2023-10-11 05:27:26,634,R_aUCpaSkbQL6lzy2,5.097278,-1.955916,George,NA,NA,NA,Community 3,NA,"MGR Maintenance,Routine Program Evaluation,Surveyor Team Visit,Other",Menstrual kits distribut,1000,210,9,95,9,NA,9,4,NA,Yet to receive results,Yet to receive results,NA,NA,NA,NA,NA,NA,NA,No,NA,No,NA,0,0,Yes,NA,NA,NA,3 or more times in a term,5- This describes our school,5- This describes our school,"Yes, EPI has given them a library",NA,"Yes, EPI has helped build some","Yes, EPI has helped them get access to clean water","Yes, EPI has built enough classrooms for them to use",Other,NA,NA,NA,NA,NA,NA,NA,NA,NA,NA,NA,NA,NA,NA,NA,NA,NA,NA,Maybe in the future,NA,NA
2023-10-11 08:21:23,2079,R_4DSU1bsJjXcJtaP,NA,NA,George,NA,NA,NA,Community 9,NA,"MGR Maintenance,Routine Program Evaluation,Surveyor Team Visit,Other",Menstrual kits distribution,1500,265,9,180,5,NA,5,10,NA,Results yet,Results  not yet,NA,NA,NA,NA,NA,NA,NA,No,NA,No,NA,9,9,Yes,NA,NA,NA,3 or more times in a term,5- This describes our school,5- This describes our school,"No, they need a library","No, they need a classroom block or building for their library","No, this school needs a toilet","Yes, another organization or the government has given them something to provide clean water","Yes, EPI has built enough classrooms for them to use",Other,NA,NA,NA,NA,NA,NA,NA,NA,NA,NA,NA,NA,NA,NA,NA,NA,NA,NA,Maybe in the future,NA,NA
2023-10-23 03:34:53,1464,R_hnz7aLlG2ZnjLnZ,5.862967,0.031949,George,NA,NA,NA,Dedenya,NA,Routine Program Evaluation,NA,1000,420,16,167,44,NA,44,48,NA,24,28,NA,NA,NA,NA,NA,NA,NA,Yes,NA,NA,NA,NA,NA,NA,NA,NA,NA,3 or more times in a term,5- This describes our school,5- This describes our school,"No, they need a library","No, they need a classroom block or building for their library","Yes, another organization or the government has given them some","Yes, another organization or the government has given them something to provide clean water","Yes, they already had enough classrooms or another organization has provided them",Yes,NA,NA,NA,NA,NA,NA,NA,NA,NA,NA,NA,NA,NA,NA,NA,NA,NA,NA,Maybe in the future,NA,NA
2023-10-23 04:22:45,857,R_78eJWTKiV7pZhqu,5.848264,0.046957,George,NA,NA,NA,Mampong Shai,NA,Routine Program Evaluation,NA,800,275,15,109,28,NA,28,20,NA,16,10,NA,NA,NA,NA,NA,NA,NA,Yes,NA,NA,NA,NA,NA,NA,NA,NA,NA,3 or more times in a term,5- This describes our school,5- This describes our school,"Yes, EPI has given them a library",NA,"Yes, another organization or the government has given them some","Yes, another organization or the government has given them something to provide clean water","Yes, they already had enough classrooms or another organization has provided them",Yes,NA,NA,NA,NA,NA,NA,NA,NA,NA,NA,NA,NA,NA,NA,NA,NA,NA,NA,"No, they do not need anything or they need to work on their lantern program more.",NA,NA
2023-10-23 07:54:59,776,R_bWFjgeWPT4XdVB7,NA,NA,George,NA,NA,NA,Minya,NA,Routine Program Evaluation,NA,600,145,14,48,18,NA,17,9,NA,18,5,NA,NA,NA,NA,NA,NA,NA,Yes,NA,Yes,Broken,18 broken replaced,18,Yes,NA,NA,NA,3 or more times in a term,5- This describes our school,5- This describes our school,"Yes, another organization or the government has given them a library",NA,"Yes, another organization or the government has given them some","Yes, another organization or the government has given them something to provide clean water","Yes, EPI has built enough classrooms for them to use",Yes,NA,NA,NA,NA,NA,NA,NA,NA,NA,NA,NA,NA,NA,NA,NA,NA,NA,NA,"No, they do not need anything or they need to work on their lantern program more.",NA,NA
2023-10-24 03:30:28,1355,R_lkL4YYSBgm7rL06,NA,NA,George,NA,NA,NA,Madavunu,NA,Routine Program Evaluation,NA,1200,219,8,60,25,NA,66,13,NA,18,9,NA,NA,NA,NA,NA,NA,NA,Other,NA,No,NA,11,11,Yes,NA,NA,NA,3 or more times in a term,5- This describes our school,5- This describes our school,"No, they need a library","No, they need a classroom block or building for their library","No, this school needs a toilet","Yes, another organization or the government has given them something to provide clean water","Yes, EPI has built enough classrooms for them to use",Yes,NA,NA,NA,NA,NA,NA,NA,NA,NA,NA,NA,NA,NA,NA,NA,NA,NA,NA,Yes,NA,NA
2023-11-01 03:49:28,675,R_6QHbSY7iQDFrDCq,NA,NA,George,NA,NA,NA,Nyienpeya,NA,"MGR Maintenance,Routine Program Evaluation",NA,950,120,12,26,15,NA,31,8,NA,28,5,NA,NA,NA,NA,NA,NA,NA,No,NA,No,NA,14,14,Yes,NA,NA,NA,3 or more times in a term,5- This describes our school,5- This describes our school,"Yes, EPI has given them a library",NA,"Yes, another organization or the government has given them some","Yes, another organization or the government has given them something to provide clean water","Yes, EPI has built enough classrooms for them to use",Yes,NA,NA,NA,NA,NA,NA,NA,NA,NA,NA,NA,NA,NA,NA,NA,NA,NA,NA,"No, they do not need anything or they need to work on their lantern program more.",NA,NA
2023-11-08 03:21:08,3838,R_2gmxEGTx03qi7hs,5.945799,-0.32744,George,NA,NA,NA,Afransua Dedewa MA Primary,NA,Routine Program Evaluation,NA,800,226,16,67,15,NA,43,Not yet,NA,Not yet,Not yet,NA,NA,NA,NA,NA,NA,NA,Yes,NA,NA,NA,NA,NA,NA,NA,NA,NA,3 or more times in a term,5- This describes our school,5- This describes our school,"No, they need a library",Yes,"Yes, another organization or the government has given them some","Yes, EPI has helped them get access to clean water","Yes, EPI has built enough classrooms for them to use",Yes,NA,NA,NA,NA,NA,NA,NA,NA,NA,NA,NA,NA,NA,NA,NA,NA,NA,NA,"No, they do not need anything or they need to work on their lantern program more.",NA,NA
2023-11-09 02:33:21,2030,R_2OTXAMrI4oUSULz,5.897976,-0.276219,George,NA,NA,NA,Obosonu,NA,Routine Program Evaluation,NA,NA,312,15,92,29,NA,82,24,NA,24,18,NA,NA,NA,NA,NA,NA,NA,No,NA,Yes,"Lost,Broken",5,5,Yes,NA,NA,NA,3 or more times in a term,5- This describes our school,5- This describes our school,"Yes, EPI has given them a library",NA,"Yes, another organization or the government has given them some","Yes, EPI has helped them get access to clean water","Yes, they already had enough classrooms or another organization has provided them",Yes,NA,NA,NA,NA,NA,NA,NA,NA,NA,NA,NA,NA,NA,NA,NA,NA,NA,NA,"No, they do not need anything or they need to work on their lantern program more.",NA,NA
2023-11-09 04:04:58,4682,R_mgQjS6Li9aIrHG6,5.912259,-0.256448,George,NA,NA,NA,Akwansu,NA,"Routine Program Evaluation,Other",Science kits microscope,1100,NA,16,74,26,NA,79,15,NA,20,8,NA,NA,NA,NA,NA,NA,NA,No,NA,Yes,"Lost,Broken",6,6,Yes,NA,NA,NA,3 or more times in a term,5- This describes our school,5- This describes our school,"No, they need a library",Yes,"Yes, another organization or the government has given them some","Yes, another organization or the government has given them something to provide clean water","Yes, they already had enough classrooms or another organization has provided them",Yes,NA,NA,NA,NA,NA,NA,NA,NA,NA,NA,NA,NA,NA,NA,NA,NA,NA,NA,"No, they do not need anything or they need to work on their lantern program more.",NA,NA
2023-11-10 02:01:57,1414,R_i7DixIPWrGCbiHl,NA,NA,George,NA,NA,NA,Mamakrom,NA,Routine Program Evaluation,NA,1500,280,13,86,16,NA,52,15,NA,14,13,NA,NA,NA,NA,NA,NA,NA,Yes,NA,No,NA,20,16 4 with teachers,Yes,NA,NA,NA,3 or more times in a term,5- This describes our school,5- This describes our school,"Yes, another organization or the government has given them a library",NA,"Yes, another organization or the government has given them some","Yes, another organization or the government has given them something to provide clean water","Yes, they already had enough classrooms or another organization has provided them",Yes,NA,NA,NA,NA,NA,NA,NA,NA,NA,NA,NA,NA,NA,NA,NA,NA,NA,NA,"No, they do not need anything or they need to work on their lantern program more.",NA,NA
2023-11-13 03:41:40,665,R_iCS50c3lhR4ND2m,6.865386,-1.217725,George,NA,NA,NA,Domase,NA,Routine Program Evaluation,NA,900,149,10,36,No jhs,NA,N/A,NA,NA,NA,NA,3-5 km,NA,NA,NA,NA,NA,NA,No,NA,Yes,"Lost,Broken",17 replaced and added,17,Yes,NA,NA,NA,3 or more times in a term,5- This describes our school,5- This describes our school,"Yes, EPI has given them a library",NA,"Yes, EPI has helped build some","Yes, EPI has helped them get access to clean water","Yes, EPI has built enough classrooms for them to use",Yes,NA,NA,NA,NA,NA,NA,NA,NA,NA,NA,NA,NA,NA,NA,NA,NA,NA,NA,Yes,NA,NA
2023-11-13 05:13:41,437,R_laYzmnnlCQg2fWw,6.907929,-1.193542,George,NA,NA,NA,Other:,Empowerplaygrounds Basic Mobia,"MGR Maintenance,Routine Program Evaluation",NA,900,210,1,Only lower primary,No yet,NA,N/A,NA,NA,NA,NA,The closest JHS is greater than 6 km distance from the school,NA,NA,NA,NA,NA,NA,No,NA,No,NA,20,20,Yes,NA,NA,NA,They don't use them,NA,NA,"Yes, EPI has given them a library",NA,"Yes, EPI has helped build some","Yes, EPI has helped them get access to clean water","Yes, EPI has built enough classrooms for them to use",No,NA,NA,NA,NA,NA,NA,NA,NA,NA,NA,NA,NA,NA,NA,NA,NA,NA,NA,"No, they do not need anything or they need to work on their lantern program more.",NA,NA
2023-10-20 06:01:52,687,R_bm4ITT90w1cOh55,5.578255,-0.881685,George,NA,NA,NA,Pediatorkope,NA,Routine Program Evaluation,NA,800,120,11,41,8,NA,8,16,NA,24,5,NA,NA,NA,NA,NA,NA,NA,No,NA,Yes,"Lost,Broken",18,14,Yes,NA,NA,NA,3 or more times in a term,5- This describes our school,5- This describes our school,"No, they need a library",Yes,NA,"Yes, another organization or the government has given them something to provide clean water","Yes, EPI has built enough classrooms for them to use",Yes,NA,NA,NA,NA,NA,NA,NA,NA,NA,NA,NA,NA,NA,NA,NA,NA,NA,NA,"No, they do not need anything or they need to work on their lantern program more.",NA,NA
2023-10-24 06:23:43,424,R_dNkNElaJsl6nXR3,5.986562,0.357017,George,NA,NA,NA,Dedewa,NA,Routine Program Evaluation,NA,NA,148,14,42,23,NA,47,12,NA,28,7,NA,NA,NA,NA,NA,NA,NA,Yes,NA,Yes,Lost,6,6,Yes,NA,NA,NA,3 or more times in a term,5- This describes our school,5- This describes our school,"No, they need a library",Yes,"Yes, another organization or the government has given them some","Yes, another organization or the government has given them something to provide clean water","Yes, they already had enough classrooms or another organization has provided them",Yes,NA,NA,NA,NA,NA,NA,NA,NA,NA,NA,NA,NA,NA,NA,NA,NA,NA,NA,"No, they do not need anything or they need to work on their lantern program more.",NA,NA
2023-10-24 07:27:43,1262,R_d1j7yEiHifj5hp2,5.952738,0.371377,George,NA,NA,NA,Ador Kope R/C Primary,NA,Routine Program Evaluation,NA,1500,243,15,92,24,NA,86.,22,NA,22,15,NA,NA,NA,NA,NA,NA,NA,Yes,NA,NA,NA,NA,NA,NA,NA,NA,NA,3 or more times in a term,5- This describes our school,5- This describes our school,"No, they need a library",Yes,"Yes, another organization or the government has given them some","Yes, another organization or the government has given them something to provide clean water","Yes, they already had enough classrooms or another organization has provided them",Other,NA,NA,NA,NA,NA,NA,NA,NA,NA,NA,NA,NA,NA,NA,NA,NA,NA,NA,"No, they do not need anything or they need to work on their lantern program more.",NA,NA
2023-11-16 02:29:59,620,R_4LaOI3sqej6TlR0,5.903093,-0.522268,George,NA,NA,NA,Nwawasua MA,NA,Routine Program Evaluation,NA,700,158,10,37,9,NA,9,10,NA,19,7,NA,NA,NA,NA,NA,NA,NA,Yes,NA,NA,NA,NA,NA,NA,NA,NA,NA,3 or more times in a term,5- This describes our school,5- This describes our school,"Yes, EPI has given them a library",NA,"Yes, EPI has helped build some","Yes, EPI has helped them get access to clean water","Yes, EPI has built enough classrooms for them to use",Yes,NA,NA,NA,NA,NA,NA,NA,NA,NA,NA,NA,NA,NA,NA,NA,NA,NA,NA,"No, they do not need anything or they need to work on their lantern program more.",NA,NA
2023-11-16 04:28:19,2155,R_jUwvss7oj3v8JBQ,NA,NA,George,NA,NA,NA,Bomigo,NA,Routine Program Evaluation,NA,650,142,10,NA,12,NA,29,10,NA,33,6,NA,NA,NA,NA,NA,NA,NA,Yes,NA,NA,NA,NA,NA,NA,NA,NA,NA,3 or more times in a term,5- This describes our school,5- This describes our school,"Yes, EPI has given them a library",NA,"Yes, EPI has helped build some","Yes, EPI has helped them get access to clean water","Yes, EPI has built enough classrooms for them to use",Yes,NA,NA,NA,NA,NA,NA,NA,NA,NA,NA,NA,NA,NA,NA,NA,NA,NA,NA,Maybe in the future,NA,NA
2023-11-23 04:25:00,1091,R_8kEX48NIoYygwSb,5.897865,-0.276513,George,NA,NA,NA,Obelemanya,NA,Routine Program Evaluation,NA,800,267,14,75,.20,NA,65,22,NA,28,14,NA,NA,NA,NA,NA,NA,NA,No,NA,No,NA,24,24,Yes,NA,NA,NA,3 or more times in a term,5- This describes our school,5- This describes our school,"Yes, EPI has given them a library",NA,"Yes, another organization or the government has given them some","Yes, EPI has helped them get access to clean water","Yes, they already had enough classrooms or another organization has provided them",Yes,NA,NA,NA,NA,NA,NA,NA,NA,NA,NA,NA,NA,NA,NA,NA,NA,NA,NA,Maybe in the future,NA,NA
2023-12-06 04:30:39,1498,R_hn9kAArJVA7xDtC,7.29116,-2.405507,George,NA,NA,NA,Gourcy Burkina Faso School,NA,Routine Program Evaluation,NA,2500,530,34,135,49,NA,103,22,NA,.16,22,NA,NA,NA,NA,NA,NA,NA,No,NA,Yes,Broken,23 broken 5 replaced,23,Yes,NA,NA,NA,3 or more times in a term,5- This describes our school,5- This describes our school,"Yes, EPI has given them a library",NA,"Yes, another organization or the government has given them some","Yes, another organization or the government has given them something to provide clean water","Yes, they already had enough classrooms or another organization has provided them",Yes,NA,NA,NA,NA,NA,NA,NA,NA,NA,NA,NA,NA,NA,NA,NA,NA,NA,NA,"No, they do not need anything or they need to work on their lantern program more.",NA,NA
2023-12-06 05:38:25,1873,R_lYpLXcpNLjT0Vl2,7.281778,-2.435767,George,NA,NA,NA,Dedenya,NA,Routine Program Evaluation,NA,NA,205,10,52,20,NA,60,15,NA,15,11,NA,NA,NA,NA,NA,NA,NA,Yes,NA,No,NA,33,33,Yes,NA,NA,NA,3 or more times in a term,5- This describes our school,5- This describes our school,"Yes, EPI has given them a library",NA,"Yes, another organization or the government has given them some","Yes, another organization or the government has given them something to provide clean water","No, this school needs more classrooms or an upgrade to their current buildings",Yes,NA,NA,NA,NA,NA,NA,NA,NA,NA,NA,NA,NA,NA,NA,NA,NA,NA,NA,Yes,NA,NA
2024-01-22 04:53:28,767,R_gxiCv5Gc11AGqbl,6.297161,-0.689404,Richard,NA,NA,NA,Begoro,NA,"MGR Maintenance,Routine Program Evaluation,Surveyor Team Visit,Project Update Visit",NA,1600,240,12,81,20,NA,64,20,NA,23,18,NA,NA,NA,NA,NA,NA,NA,Yes,NA,NA,NA,NA,NA,NA,NA,NA,NA,1-2 times in a term,5- This describes our school,3- This describes our school a little bit,"Yes, EPI has given them a library",NA,"Yes, another organization or the government has given them some","Yes, EPI has helped them get access to clean water","No, this school needs more classrooms or an upgrade to their current buildings",Yes,NA,NA,NA,NA,NA,NA,NA,NA,NA,NA,NA,NA,NA,NA,NA,NA,NA,NA,NA,NA,NA
"{""ImportId"":""startDate"",""timeZone"":""America/Denver""}","{""ImportId"":""duration""}","{""ImportId"":""_recordId""}","{""ImportId"":""locationLatitude""}","{""ImportId"":""locationLongitude""}","{""ImportId"":""QID43""}","{""ImportId"":""QID43_4_TEXT""}",NA,NA,"{""ImportId"":""QID1""}","{""ImportId"":""QID1_53_TEXT""}","{""ImportId"":""QID18""}","{""ImportId"":""QID18_5_TEXT""}","{""ImportId"":""QID32_TEXT""}","{""ImportId"":""QID10_TEXT""}","{""ImportId"":""QID14_TEXT""}","{""ImportId"":""QID12_TEXT""}","{""ImportId"":""QID33_TEXT""}",NA,"{""ImportId"":""QID13_TEXT""}","{""ImportId"":""QID31_TEXT""}",NA,"{""ImportId"":""QID47_TEXT""}","{""ImportId"":""QID34_TEXT""}","{""ImportId"":""QID15""}",NA,NA,NA,NA,NA,NA,"{""ImportId"":""QID7""}",NA,"{""ImportId"":""QID23""}","{""ImportId"":""QID26""}","{""ImportId"":""QID42_TEXT""}","{""ImportId"":""QID24_TEXT""}","{""ImportId"":""QID25""}",NA,NA,NA,"{""ImportId"":""QID19""}","{""ImportId"":""QID20_1""}","{""ImportId"":""QID20_2""}","{""ImportId"":""QID35""}","{""ImportId"":""QID36""}","{""ImportId"":""QID37""}","{""ImportId"":""QID38""}","{""ImportId"":""QID39""}","{""ImportId"":""QID44""}",NA,NA,NA,NA,NA,NA,NA,NA,NA,NA,NA,NA,NA,NA,NA,NA,NA,NA,"{""ImportId"":""QID41""}",NA,NA
2018-10-25 08:18:55,0,R_mWg3Cywh2SQ2wVj,7.01940000000000008384404281969182193279266357421875,-1.1180000000000001048050535246147774159908294677734375,George,NA,NA,NA,Dagomba,NA,"Routine Program Evaluation,Other",Deliver library books,950,421,16,123,33,NA,93,28,NA,NA,28,0 - This school has a Junior High School,NA,NA,NA,NA,NA,NA,"No, but they have poles or power lines",NA,Yes,Broken,36 broken one replaced,36,Yes,NA,NA,NA,3 or more times in a term,5- This describes our school,5- This describes our school,"Yes, EPI has given them a library",N/A- this school already has a library,"Yes, another organization or the government has given them some","Yes, another organization or the government has given them something to provide clean water","Yes, they already had enough classrooms or another organization has provided them",No,NA,NA,NA,NA,NA,NA,NA,NA,NA,NA,NA,NA,NA,NA,NA,NA,NA,NA,"No, they do not need anything or they need to work on their lantern program more.",NA,NA
2018-10-18 04:55:55,0,R_3sU3zNl3aXuzy3F,6.158310000000000172803993336856365203857421875,-0.3376310000000000144382283906452357769012451171875,George,NA,NA,NA,Mpaem M/A Basic School,NA,Other,Days for girls,900,141,15,98,12,NA,39,18,NA,NA,15,0 - This school has a Junior High School,NA,NA,NA,NA,NA,NA,Yes,NA,Yes,"Stolen,Broken",32    3 were replaced,24,Yes,NA,NA,NA,3 or more times in a term,5- This describes our school,5- This describes our school,"Yes, EPI has given them a library",N/A- this school already has a library,"No, this school needs a toilet","No, this school needs a borehole or other clean water solution","No, this school needs more classrooms or an upgrade to their current buildings",Yes,NA,NA,NA,NA,NA,NA,NA,NA,NA,NA,NA,NA,NA,NA,NA,NA,NA,NA,Yes,NA,NA
2018-10-23 11:25:48,0,R_2DMct4r7MWFvqQs,5.816176999999999708279574406333267688751220703125,-0.33960699999999999221245161606930196285247802734375,George,NA,NA,NA,Afransua Dedewa M/A Primary School,NA,Routine Program Evaluation,NA,900,149,8,24,7,NA,N/A,N/A,NA,NA,N/A,3-5 km,NA,NA,NA,NA,NA,NA,No,NA,No,"N/A- No lanterns are being reported lost, stolen, or broken",24,21 for with teachers,Yes,NA,NA,NA,3 or more times in a term,5- This describes our school,5- This describes our school,"No, they need a library","No, they need a classroom block or building for their library","No, this school needs a toilet",NA,"No, this school needs more classrooms or an upgrade to their current buildings",No,NA,NA,NA,NA,NA,NA,NA,NA,NA,NA,NA,NA,NA,NA,NA,NA,NA,NA,Yes,NA,NA
2018-10-23 11:11:02,0,R_f7jGCmN225nArhT,5.81616399999999966752284308313392102718353271484375,-0.339585999999999998966160319469054229557514190673828125,George,NA,NA,NA,Luta,NA,Routine Program Evaluation,NA,1500,160,14,56,12,NA,30,12,NA,NA,9,0 - This school has a Junior High School,NA,NA,NA,NA,NA,NA,Yes,NA,No,"N/A- No lanterns are being reported lost, stolen, or broken",24,24,No,NA,NA,NA,3 or more times in a term,5- This describes our school,5- This describes our school,"No, they need a library","No, they need a classroom block or building for their library","Yes, another organization or the government has given them some","Yes, another organization or the government has given them something to provide clean water","Yes, they already had enough classrooms or another organization has provided them",No,NA,NA,NA,NA,NA,NA,NA,NA,NA,NA,NA,NA,NA,NA,NA,NA,NA,NA,"No, they do not need anything or they need to work on their lantern program more.",NA,NA
2018-10-23 10:58:14,0,R_6MfUjEEf49xfB6X,5.81616399999999966752284308313392102718353271484375,-0.339614000000000026968649535774602554738521575927734375,George,NA,NA,NA,Amuyaokope,NA,"MGR Maintenance,Surveyor Team Visit",NA,1650,303,15,90,27,NA,67,23,NA,NA,22,0 - This school has a Junior High School,NA,NA,NA,NA,NA,NA,Yes,NA,No,"N/A- No lanterns are being reported lost, stolen, or broken",25,24 one for teachers,No,NA,NA,NA,3 or more times in a term,5- This describes our school,5- This describes our school,"No, they need a library",Yes,"Yes, another organization or the government has given them some","Yes, another organization or the government has given them something to provide clean water","Yes, they already had enough classrooms or another organization has provided them",No,NA,NA,NA,NA,NA,NA,NA,NA,NA,NA,NA,NA,NA,NA,NA,NA,NA,NA,"No, they do not need anything or they need to work on their lantern program more.",NA,NA
2018-11-02 05:41:54,839,R_5h74bK7bwsZkaE0,6.00521100000000007668177204323001205921173095703125,0.424902999999999975155873244148097001016139984130859375,George,NA,NA,NA,Terhey,NA,"MGR Maintenance,Routine Program Evaluation",NA,600,210,10,55,22,NA,44,8,NA,NA,8,0 - This school has a Junior High School,NA,NA,NA,NA,NA,NA,Yes,NA,No,"N/A- No lanterns are being reported lost, stolen, or broken",8,8,No,NA,NA,NA,3 or more times in a term,5- This describes our school,5- This describes our school,"No, they need a library","No, they need a classroom block or building for their library","No, this school needs a toilet","Yes, another organization or the government has given them something to provide clean water","No, this school needs more classrooms or an upgrade to their current buildings",No,NA,NA,NA,NA,NA,NA,NA,NA,NA,NA,NA,NA,NA,NA,NA,NA,NA,NA,Yes,NA,NA
2018-11-02 03:23:02,2002,R_1TXbpxOXgTfPHu0,5.97218800000000005212541509536094963550567626953125,0.423958999999999974761522025801241397857666015625,George,NA,NA,NA,Madavunu,NA,"MGR Maintenance,Routine Program Evaluation,Surveyor Team Visit",NA,800,220,15,61,15,NA,40,10,NA,NA,10,0 - This school has a Junior High School,NA,NA,NA,NA,NA,NA,Yes,NA,No,"N/A- No lanterns are being reported lost, stolen, or broken",13,12,No,NA,NA,NA,3 or more times in a term,5- This describes our school,5- This describes our school,"No, they need a library","No, they need a classroom block or building for their library","No, this school needs a toilet","Yes, another organization or the government has given them something to provide clean water","Yes, they already had enough classrooms or another organization has provided them",No,NA,NA,NA,NA,NA,NA,NA,NA,NA,NA,NA,NA,NA,NA,NA,NA,NA,NA,"No, they do not need anything or they need to work on their lantern program more.",NA,NA
2018-10-22 06:21:11,707,R_8hixYcJNAEhJXzE,10.86098199999999991405275068245828151702880859375,-0.9002529999999999699156205679173581302165985107421875,Richard,NA,NA,NA,Nyariga Girls School,NA,"MGR Maintenance,Surveyor Team Visit",NA,2000,115,8,N/A,N/A,NA,115,48,NA,NA,46,0 - This school has a Junior High School,NA,NA,NA,NA,NA,NA,No,NA,No,"N/A- No lanterns are being reported lost, stolen, or broken",40,25,Yes,NA,NA,NA,1-2 times in a term,5- This describes our school,5- This describes our school,"No, they need a library",Yes,"Yes, another organization or the government has given them some","Yes, another organization or the government has given them something to provide clean water","No, this school needs more classrooms or an upgrade to their current buildings",Yes,NA,NA,NA,NA,NA,NA,NA,NA,NA,NA,NA,NA,NA,NA,NA,NA,NA,NA,Yes,NA,NA
2018-12-05 01:51:06,1258,R_hAaQf0sstNogtJb,5.12166500000000013415046851150691509246826171875,-1.95144800000000007145217750803567469120025634765625,George,NA,NA,NA,Community School 9,NA,MGR Maintenance,NA,500,165,8,42,8,NA,31,5,NA,NA,5,0 - This school has a Junior High School,NA,NA,NA,NA,NA,NA,"No, but they have poles or power lines",NA,No,"N/A- No lanterns are being reported lost, stolen, or broken",20,17  3 for teachers,Yes,NA,NA,NA,3 or more times in a term,5- This describes our school,5- This describes our school,"No, they need a library","No, they need a classroom block or building for their library","No, this school needs a toilet","Yes, another organization or the government has given them something to provide clean water","No, this school needs more classrooms or an upgrade to their current buildings",No,NA,NA,NA,NA,NA,NA,NA,NA,NA,NA,NA,NA,NA,NA,NA,NA,NA,NA,Yes,NA,NA
2018-12-05 00:43:01,1232,R_0PzKJAN0ZwHSyHV,5.09738799999999958600938043673522770404815673828125,-1.955845000000000055706550483591854572296142578125,George,NA,NA,NA,Community School 3,NA,"MGR Maintenance,Routine Program Evaluation",NA,500,90,7,NA,14,NA,N/A,N/A,NA,NA,N/A,3-5 km,NA,NA,NA,NA,NA,NA,No,NA,No,"N/A- No lanterns are being reported lost, stolen, or broken",18,13       5 for the teachers,Yes,NA,NA,NA,3 or more times in a term,5- This describes our school,5- This describes our school,"Yes, EPI has given them a library",N/A- this school already has a library,"No, this school needs a toilet","Yes, another organization or the government has given them something to provide clean water","No, this school needs more classrooms or an upgrade to their current buildings",No,NA,NA,NA,NA,NA,NA,NA,NA,NA,NA,NA,NA,NA,NA,NA,NA,NA,NA,Maybe in the future,NA,NA
2018-11-14 02:41:35,11137,R_9qXRwNWlQJdTGZ4,7.80256500000000041694647734402678906917572021484375,-1.0126749999999999918287585387588478624820709228515625,George,NA,NA,NA,Nwowom,NA,"Routine Program Evaluation,Surveyor Team Visit",NA,800,117,11,57,N|A,NA,N/A,N\A,NA,NA,N\A,The closest JHS is greater than 6 km distance from the school,NA,NA,NA,NA,NA,NA,Yes,NA,No,"N/A- No lanterns are being reported lost, stolen, or broken",6,4,Yes,NA,NA,NA,3 or more times in a term,5- This describes our school,5- This describes our school,"No, they need a library","No, they need a classroom block or building for their library","No, this school needs a toilet","No, this school needs a borehole or other clean water solution",NA,NA,NA,NA,NA,NA,NA,NA,NA,NA,NA,NA,NA,NA,NA,NA,NA,NA,NA,NA,Yes,NA,NA
2018-11-13 06:23:31,730,R_dtIb7AN7r0PFj6z,7.62858099999999961227103995042853057384490966796875,-0.9711220000000000407425204684841446578502655029296875,George,NA,NA,NA,Old KonKrompe,NA,"Routine Program Evaluation,Surveyor Team Visit",NA,800,273,13,60,Not yet only up to JHS 2,NA,18,N/A,NA,NA,N/A,0 - This school has a Junior High School,NA,NA,NA,NA,NA,NA,No,NA,No,"N/A- No lanterns are being reported lost, stolen, or broken",13,Students have 13 one with a teacher,Yes,NA,NA,NA,3 or more times in a term,5- This describes our school,5- This describes our school,"No, they need a library","No, they need a classroom block or building for their library","Yes, EPI has helped build some","No, this school needs a borehole or other clean water solution","No, this school needs more classrooms or an upgrade to their current buildings",No,NA,NA,NA,NA,NA,NA,NA,NA,NA,NA,NA,NA,NA,NA,NA,NA,NA,NA,Yes,NA,NA
2018-11-13 03:37:47,1982,R_iZ8yUQOxUmMS5jo,7.662772000000000360842022928409278392791748046875,-0.99081399999999997252331240815692581236362457275390625,George,NA,NA,NA,Old KonKrompe,NA,Routine Program Evaluation,NA,608,307,13,106,16,NA,N/A,N/A,NA,NA,N/A,3-5 km,NA,NA,NA,NA,NA,NA,"No, but they have poles or power lines",NA,No,Broken,17 broken ones replaced,17,Yes,NA,NA,NA,3 or more times in a term,5- This describes our school,5- This describes our school,"No, they need a library",Yes,"No, this school needs a toilet","Yes, another organization or the government has given them something to provide clean water","No, this school needs more classrooms or an upgrade to their current buildings",No,NA,NA,NA,NA,NA,NA,NA,NA,NA,NA,NA,NA,NA,NA,NA,NA,NA,NA,Yes,NA,NA
2018-11-12 05:01:02,1211,R_e1Ljncz3Z7M8dF0,5.86291700000000037817926568095572292804718017578125,0.032036000000000001974864716203228454105556011199951171875,George,NA,NA,NA,Dedenya,NA,Routine Program Evaluation,NA,800,338,16,113,48,NA,94,33,NA,NA,11,0 - This school has a Junior High School,NA,NA,NA,NA,NA,NA,Yes,NA,No,Stolen,0,No groups,No,NA,NA,NA,1-2 times in a term,5- This describes our school,5- This describes our school,"No, they need a library","No, they need a classroom block or building for their library","Yes, another organization or the government has given them some","Yes, another organization or the government has given them something to provide clean water","Yes, they already had enough classrooms or another organization has provided them",No,NA,NA,NA,NA,NA,NA,NA,NA,NA,NA,NA,NA,NA,NA,NA,NA,NA,NA,"No, they do not need anything or they need to work on their lantern program more.",NA,NA
2018-11-12 03:51:11,1907,R_oCzMPh7yGmfsS2h,5.84837299999999959965180096332915127277374267578125,0.047051000000000002543298904811308602802455425262451171875,George,NA,NA,NA,Mongpong Shai,NA,Routine Program Evaluation,NA,500,220,14,58,15,NA,46,19,NA,NA,15,0 - This school has a Junior High School,NA,NA,NA,NA,NA,NA,Yes,NA,Yes,Stolen,1,No group,No,NA,NA,NA,3 or more times in a term,5- This describes our school,5- This describes our school,"No, they need a library",Yes,"Yes, another organization or the government has given them some","Yes, another organization or the government has given them something to provide clean water","Yes, they already had enough classrooms or another organization has provided them",No,NA,NA,NA,NA,NA,NA,NA,NA,NA,NA,NA,NA,NA,NA,NA,NA,NA,NA,"No, they do not need anything or they need to work on their lantern program more.",NA,NA
2019-01-18 04:16:04,965,R_1XAfpTduHxpDsVQ,5.5500030517578125,-0.216705322265625,Richard,NA,NA,NA,Bepotumtum,NA,"MGR Maintenance,Routine Program Evaluation",NA,300,85,5,35,5,NA,N/A,5,NA,0,0,1-2 km,NA,NA,NA,NA,NA,NA,"No, but they have poles or power lines",NA,Yes,"N/A- No lanterns are being reported lost, stolen, or broken",35,35,Yes,NA,NA,NA,Less than 1 time in a term,3- This describes our school a little bit,3- This describes our school a little bit,"No, they need a library",Yes,"Yes, another organization or the government has given them some","No, this school needs a borehole or other clean water solution","Yes, they already had enough classrooms or another organization has provided them",No,NA,NA,NA,NA,NA,NA,NA,NA,NA,NA,NA,NA,NA,NA,NA,NA,NA,NA,Maybe in the future,NA,NA
2019-01-29 01:53:40,1721,R_kCSuqUcfuEA3pT8,6.309174999999999755573298898525536060333251953125,-0.6715750000000000330402372128446586430072784423828125,Richard,NA,NA,NA,Wekpeti Abresu,NA,"MGR Maintenance,Surveyor Team Visit",NA,2000,168,12,104,18,NA,64,7,NA,19,7,0 - This school has a Junior High School,NA,NA,NA,NA,NA,NA,No,NA,No,"N/A- No lanterns are being reported lost, stolen, or broken",28,28,No,NA,NA,NA,1-2 times in a term,3- This describes our school a little bit,3- This describes our school a little bit,"No, they need a library",N/A- this school already has a library,"No, this school needs a toilet","No, this school needs a borehole or other clean water solution","Yes, they already had enough classrooms or another organization has provided them",No,NA,NA,NA,NA,NA,NA,NA,NA,NA,NA,NA,NA,NA,NA,NA,NA,NA,NA,Yes,NA,NA
2019-02-01 03:37:32,760,R_9G1Dj3BUoC1PERl,6.16964999999999985647036737645976245403289794921875,-0.1986090000000000077573503176608937792479991912841796875,Richard,NA,NA,NA,Akeyeremateng,NA,"MGR Maintenance,Surveyor Team Visit",NA,600,103,12,82,8,NA,29,0,NA,0,0,0 - This school has a Junior High School,NA,NA,NA,NA,NA,NA,No,NA,Yes,"Lost,Broken",12,15,Yes,NA,NA,NA,Less than 1 time in a term,3- This describes our school a little bit,3- This describes our school a little bit,"No, they need a library","No, they need a classroom block or building for their library","Yes, another organization or the government has given them some","Yes, EPI has helped them get access to clean water","No, this school needs more classrooms or an upgrade to their current buildings",No,NA,NA,NA,NA,NA,NA,NA,NA,NA,NA,NA,NA,NA,NA,NA,NA,NA,NA,Maybe in the future,NA,NA
2019-02-28 08:25:50,494,R_9rdMQwWhDTdu36V,5.550201416015625,-0.2174072265625,Richard,NA,NA,NA,Adenya,NA,"Routine Program Evaluation,Surveyor Team Visit",NA,400,162,16,47,20,NA,40,25,NA,15,25,0 - This school has a Junior High School,NA,NA,NA,NA,NA,NA,No,NA,Yes,Broken,44,40,Yes,NA,NA,NA,1-2 times in a term,3- This describes our school a little bit,5- This describes our school,"No, they need a library",Yes,"Yes, another organization or the government has given them some","Yes, another organization or the government has given them something to provide clean water","Yes, they already had enough classrooms or another organization has provided them",Yes,NA,NA,NA,NA,NA,NA,NA,NA,NA,NA,NA,NA,NA,NA,NA,NA,NA,NA,Maybe in the future,NA,NA
2019-02-28 08:34:09,356,R_eCgN2glCYbjNDF6,5.550201416015625,-0.2174072265625,Richard,NA,NA,NA,Akeyeremateng,NA,"MGR Maintenance,Routine Program Evaluation,Surveyor Team Visit",NA,200,103,12,82,12,NA,29,8,NA,20,7,0 - This school has a Junior High School,NA,NA,NA,NA,NA,NA,No,NA,Yes,Lost,15,13,Yes,NA,NA,NA,1-2 times in a term,1- This does not describe our school,5- This describes our school,"No, they need a library","No, they need a classroom block or building for their library","Yes, another organization or the government has given them some","No, this school needs a borehole or other clean water solution","No, this school needs more classrooms or an upgrade to their current buildings",Yes,NA,NA,NA,NA,NA,NA,NA,NA,NA,NA,NA,NA,NA,NA,NA,NA,NA,NA,Yes,NA,NA
2019-02-28 08:40:13,505,R_jZEGUy9WTEQSXqO,5.550201416015625,-0.2174072265625,Richard,NA,NA,NA,Attabui,NA,"Routine Program Evaluation,Surveyor Team Visit,Project Update Visit",NA,1000,244,18,76,24,NA,59,13,NA,18,13,0 - This school has a Junior High School,NA,NA,NA,NA,NA,NA,No,NA,Yes,Lost,10,10,Yes,NA,NA,NA,1-2 times in a term,3- This describes our school a little bit,5- This describes our school,"Yes, EPI has given them a library",N/A- this school already has a library,"Yes, another organization or the government has given them some","Yes, EPI has helped them get access to clean water","Yes, they already had enough classrooms or another organization has provided them",Yes,NA,NA,NA,NA,NA,NA,NA,NA,NA,NA,NA,NA,NA,NA,NA,NA,NA,NA,Maybe in the future,NA,NA
2019-02-28 08:52:37,448,R_bVVtyAUPFuh3hnR,5.550201416015625,-0.2174072265625,Richard,NA,NA,NA,Wekpeti Abresu,NA,"Routine Program Evaluation,Surveyor Team Visit,Project Update Visit",NA,NA,168,12,64,18,NA,64,7,NA,20,7,0 - This school has a Junior High School,NA,NA,NA,NA,NA,NA,No,NA,No,"N/A- No lanterns are being reported lost, stolen, or broken",28,28,Yes,NA,NA,NA,Less than 1 time in a term,3- This describes our school a little bit,3- This describes our school a little bit,"No, they need a library",Yes,"Yes, another organization or the government has given them some","Yes, another organization or the government has given them something to provide clean water","No, this school needs more classrooms or an upgrade to their current buildings",No,NA,NA,NA,NA,NA,NA,NA,NA,NA,NA,NA,NA,NA,NA,NA,NA,NA,NA,Maybe in the future,NA,NA
2019-02-28 09:00:42,280,R_jtgPAMk5CbXIHea,5.550201416015625,-0.2174072265625,Richard,NA,NA,NA,Madavunu,NA,"Routine Program Evaluation,Surveyor Team Visit,Project Update Visit",NA,1000,217,17,53,24,NA,37,17,NA,24,15,0 - This school has a Junior High School,NA,NA,NA,NA,NA,NA,Yes,NA,No,"N/A- No lanterns are being reported lost, stolen, or broken",11,11,Yes,NA,NA,NA,Less than 1 time in a term,1- This does not describe our school,3- This describes our school a little bit,"No, they need a library",Yes,"Yes, another organization or the government has given them some","Yes, another organization or the government has given them something to provide clean water","Yes, they already had enough classrooms or another organization has provided them",Yes,NA,NA,NA,NA,NA,NA,NA,NA,NA,NA,NA,NA,NA,NA,NA,NA,NA,NA,Maybe in the future,NA,NA
2019-02-28 09:05:38,272,R_bJpkHkMiMNxLgiU,5.550201416015625,-0.2174072265625,Richard,NA,NA,NA,Terhey,NA,"MGR Maintenance,Routine Program Evaluation,Surveyor Team Visit",NA,NA,207,12,57,10,NA,41,8,NA,26,8,0 - This school has a Junior High School,NA,NA,NA,NA,NA,NA,Yes,NA,No,"N/A- No lanterns are being reported lost, stolen, or broken",8,8,Yes,NA,NA,NA,Less than 1 time in a term,1- This does not describe our school,3- This describes our school a little bit,"No, they need a library","No, they need a classroom block or building for their library","No, this school needs a toilet","No, this school needs a borehole or other clean water solution","No, this school needs more classrooms or an upgrade to their current buildings",Yes,NA,NA,NA,NA,NA,NA,NA,NA,NA,NA,NA,NA,NA,NA,NA,NA,NA,NA,"No, they do not need anything or they need to work on their lantern program more.",NA,NA
2019-03-21 05:43:57,316,R_6PffnywPhPlOl6r,7.12567500000000020321522242738865315914154052734375,-0.67618400000000000726885218682582490146160125732421875,Richard,NA,NA,NA,TumTum,NA,"MGR Maintenance,Routine Program Evaluation,Surveyor Team Visit",NA,600,188,17,62,8,NA,34,0,NA,0,0,0 - This school has a Junior High School,NA,NA,NA,NA,NA,NA,No,NA,No,"N/A- No lanterns are being reported lost, stolen, or broken",17 added 13 more,30,Yes,NA,NA,NA,1-2 times in a term,3- This describes our school a little bit,3- This describes our school a little bit,"No, they need a library",Yes,"Yes, another organization or the government has given them some","Yes, EPI has helped them get access to clean water","No, this school needs more classrooms or an upgrade to their current buildings",No,NA,NA,NA,NA,NA,NA,NA,NA,NA,NA,NA,NA,NA,NA,NA,NA,NA,NA,Yes,NA,NA
2019-03-25 03:39:54,335,R_4SzHoE7XKbui91c,5.550201416015625,-0.2174072265625,Richard,NA,NA,NA,Essam Golden Sunbeam Montessori School,NA,"Routine Program Evaluation,Surveyor Team Visit,Project Update Visit",NA,NA,96,9,29,4,NA,11,0,NA,0,0,0 - This school has a Junior High School,NA,NA,NA,NA,NA,NA,Yes,NA,No,"N/A- No lanterns are being reported lost, stolen, or broken",8,8,Yes,NA,NA,NA,Less than 1 time in a term,1- This does not describe our school,1- This does not describe our school,"Yes, another organization or the government has given them a library",N/A- this school already has a library,"Yes, another organization or the government has given them some","Yes, EPI has helped them get access to clean water","Yes, EPI has built enough classrooms for them to use",No,NA,NA,NA,NA,NA,NA,NA,NA,NA,NA,NA,NA,NA,NA,NA,NA,NA,NA,Maybe in the future,NA,NA
2019-03-20 01:55:52,763,R_15w7Iefzd8d5f4q,7.019192000000000319914761348627507686614990234375,-1.11779999999999990478727340814657509326934814453125,Richard,NA,NA,NA,Dagomba,NA,"MGR Maintenance,Routine Program Evaluation,Surveyor Team Visit",NA,NA,458,26,366,32,NA,92,17,NA,20,17,0 - This school has a Junior High School,NA,NA,NA,NA,NA,NA,No,NA,Yes,"Stolen,Broken",28,43,Yes,NA,NA,NA,1-2 times in a term,3- This describes our school a little bit,3- This describes our school a little bit,"Yes, EPI has given them a library",N/A- this school already has a library,"Yes, another organization or the government has given them some","No, this school needs a borehole or other clean water solution","Yes, they already had enough classrooms or another organization has provided them",No,NA,NA,NA,NA,NA,NA,NA,NA,NA,NA,NA,NA,NA,NA,NA,NA,NA,NA,Maybe in the future,NA,NA
2019-03-21 03:36:24,445,R_2ekVikvtSOZaXFj,7.12313300000000015899104255368001759052276611328125,-0.7952529999999999876791889619198627769947052001953125,Richard,NA,NA,NA,Mosipanin D/A Basic School,NA,"Routine Program Evaluation,Surveyor Team Visit",NA,NA,122,16,31,9,NA,20,NA,NA,NA,NA,0 - This school has a Junior High School,NA,NA,NA,NA,NA,NA,No,NA,No,"N/A- No lanterns are being reported lost, stolen, or broken",NA,NA,No,NA,NA,NA,Less than 1 time in a term,3- This describes our school a little bit,3- This describes our school a little bit,"No, they need a library","No, they need a classroom block or building for their library","No, this school needs a toilet","Yes, another organization or the government has given them something to provide clean water","No, this school needs more classrooms or an upgrade to their current buildings",No,NA,NA,NA,NA,NA,NA,NA,NA,NA,NA,NA,NA,NA,NA,NA,NA,NA,NA,Yes,NA,NA
2019-05-21 05:10:58,697,R_kwe4KMgsWWV0FRC,7.12295000000000033679725675028748810291290283203125,-0.795417000000000040671466194908134639263153076171875,Richard,NA,NA,NA,Mosipanin D/A Basic School,NA,"Routine Program Evaluation,Surveyor Team Visit",NA,650,175,16,31,2,NA,20,2,NA,19,2,0 - This school has a Junior High School,NA,NA,NA,NA,NA,NA,No,NA,No,"N/A- No lanterns are being reported lost, stolen, or broken",23,23,No,NA,NA,NA,1-2 times in a term,3- This describes our school a little bit,3- This describes our school a little bit,"No, they need a library","No, they need a classroom block or building for their library","No, this school needs a toilet","Yes, EPI has helped them get access to clean water","No, this school needs more classrooms or an upgrade to their current buildings",No,NA,NA,NA,NA,NA,NA,NA,NA,NA,NA,NA,NA,NA,NA,NA,NA,NA,NA,Maybe in the future,NA,NA
2019-05-22 03:38:33,747,R_77ZhwQWxZvIvKp3,7.125553000000000025693225325085222721099853515625,-0.6761829999999999785131876706145703792572021484375,Richard,NA,NA,NA,TumTum,NA,"Routine Program Evaluation,Surveyor Team Visit,Project Update Visit",NA,550,188,18,62,8,NA,34,16,NA,19,10,0 - This school has a Junior High School,NA,NA,NA,NA,NA,NA,No,NA,No,"N/A- No lanterns are being reported lost, stolen, or broken",0,0,Yes,NA,NA,NA,Less than 1 time in a term,3- This describes our school a little bit,3- This describes our school a little bit,"No, they need a library","No, they need a classroom block or building for their library","Yes, another organization or the government has given them some","Yes, EPI has helped them get access to clean water","No, this school needs more classrooms or an upgrade to their current buildings",No,NA,NA,NA,NA,NA,NA,NA,NA,NA,NA,NA,NA,NA,NA,NA,NA,NA,NA,Maybe in the future,NA,NA
2019-05-23 07:34:56,930,R_43bOh0jn2OaY30P,6.5372450000000004166622602497227489948272705078125,-0.6057930000000000259063881458132527768611907958984375,Richard,NA,NA,NA,Ntomem,NA,"Routine Program Evaluation,Surveyor Team Visit,Project Update Visit",NA,880,450,21,178,42,NA,74,34,NA,20,30,1-2 km,NA,NA,NA,NA,NA,NA,No,NA,No,"N/A- No lanterns are being reported lost, stolen, or broken",42,37,Yes,NA,NA,NA,Less than 1 time in a term,3- This describes our school a little bit,3- This describes our school a little bit,"No, they need a library",Yes,"No, this school needs a toilet","Yes, another organization or the government has given them something to provide clean water","No, this school needs more classrooms or an upgrade to their current buildings",No,NA,NA,NA,NA,NA,NA,NA,NA,NA,NA,NA,NA,NA,NA,NA,NA,NA,NA,Maybe in the future,NA,NA
2019-05-27 04:21:49,852,R_0kdcgdjTWqSdHTI,6.3579769999999999896544977673329412937164306640625,-0.66251800000000005130829094923683442175388336181640625,Richard,NA,NA,NA,Adenya,NA,"Routine Program Evaluation,Surveyor Team Visit,Project Update Visit",NA,400,90,13,47,12,NA,22,12,NA,26,25,0 - This school has a Junior High School,NA,NA,NA,NA,NA,NA,No,NA,Yes,"N/A- No lanterns are being reported lost, stolen, or broken",0,NA,Yes,NA,NA,NA,1-2 times in a term,3- This describes our school a little bit,3- This describes our school a little bit,"No, they need a library","No, they need a classroom block or building for their library","No, this school needs a toilet","Yes, another organization or the government has given them something to provide clean water",NA,Yes,NA,NA,NA,NA,NA,NA,NA,NA,NA,NA,NA,NA,NA,NA,NA,NA,NA,NA,Yes,NA,NA
2019-07-04 04:11:22,4621,R_e9QPdEyxCWm2lje,6.31639800000000040114400690072216093540191650390625,-0.0168419999999999993323118729904308565892279148101806640625,Other,Obelemaya,NA,NA,Oblemanya,NA,"Routine Program Evaluation,Surveyor Team Visit",NA,500,82,10,23,7,NA,11,5,NA,NA,2,0 - This school has a Junior High School,NA,NA,NA,NA,NA,NA,No,NA,No,"N/A- No lanterns are being reported lost, stolen, or broken",15,9 groups                                Teacher have,Yes,NA,NA,NA,N/A- They do not have science kits yet.,NA,NA,"No, they need a library","No, they need a classroom block or building for their library","Yes, another organization or the government has given them some","No, this school needs a borehole or other clean water solution","No, this school needs more classrooms or an upgrade to their current buildings",No,NA,NA,NA,NA,NA,NA,NA,NA,NA,NA,NA,NA,NA,NA,NA,NA,NA,NA,Yes,NA,NA
2019-09-16 03:32:53,1245,R_jv2weNn8e1nE64E,6.53720899999999982554754751618020236492156982421875,-0.6059309999999999973852027324028313159942626953125,Richard,NA,NA,NA,Ntomem,NA,"Routine Program Evaluation,Surveyor Team Visit,Project Update Visit",NA,NA,12,NA,40,40,NA,100,34,NA,24,34,0 - This school has a Junior High School,NA,NA,NA,NA,NA,NA,Yes,NA,Yes,"Lost,Stolen",25,23,Yes,NA,NA,NA,1-2 times in a term,3- This describes our school a little bit,5- This describes our school,"No, they need a library",Yes,"Yes, another organization or the government has given them some","Yes, another organization or the government has given them something to provide clean water","Yes, they already had enough classrooms or another organization has provided them",Yes,NA,NA,NA,NA,NA,NA,NA,NA,NA,NA,NA,NA,NA,NA,NA,NA,NA,NA,Yes,NA,NA
2019-09-19 06:18:40,2624,R_cAFRsOsC9JHgJ8g,6.15845199999999959317165121319703757762908935546875,-0.338148999999999977372766579719609580934047698974609375,Richard,NA,NA,NA,Mpaem M/A Basic School,NA,"Routine Program Evaluation,Surveyor Team Visit,Project Update Visit",NA,719,124,15,40,10,NA,20,18,NA,15,16,0 - This school has a Junior High School,NA,NA,NA,NA,NA,NA,Yes,NA,Yes,"Stolen,Broken",37,4,Yes,NA,NA,NA,Less than 1 time in a term,3- This describes our school a little bit,3- This describes our school a little bit,"Yes, EPI has given them a library",N/A- this school already has a library,"Yes, another organization or the government has given them some","Yes, EPI has helped them get access to clean water","Yes, they already had enough classrooms or another organization has provided them",Yes,NA,NA,NA,NA,NA,NA,NA,NA,NA,NA,NA,NA,NA,NA,NA,NA,NA,NA,Maybe in the future,NA,NA
2019-09-20 05:27:26,638,R_n2iuCwy7rXSolFc,6.30907600000000012840928320656530559062957763671875,-0.6716889999999999805169181854580529034137725830078125,Richard,NA,NA,NA,Wekpeti Abresu,NA,"Routine Program Evaluation,Surveyor Team Visit,Project Update Visit",NA,NA,225,11,147,28,NA,66,15,NA,15,15,0 - This school has a Junior High School,NA,NA,NA,NA,NA,NA,No,NA,Yes,Broken,28,35,Yes,NA,NA,NA,Less than 1 time in a term,3- This describes our school a little bit,3- This describes our school a little bit,"No, they need a library",Yes,"Yes, another organization or the government has given them some","Yes, EPI has helped them get access to clean water","Yes, they already had enough classrooms or another organization has provided them",Yes,NA,NA,NA,NA,NA,NA,NA,NA,NA,NA,NA,NA,NA,NA,NA,NA,NA,NA,Maybe in the future,NA,NA
2019-09-24 04:22:54,970,R_axQyrDd8SLW5Iht,6.99024300000000042842884795391000807285308837890625,-1.0993370000000000086259888121276162564754486083984375,Richard,NA,NA,NA,Wenamda D/A Primary School,NA,"Routine Program Evaluation,Surveyor Team Visit,Project Update Visit",NA,736,227,8,47,N/A,NA,N/A,N/A,NA,N/A,N/A,3-5 km,NA,NA,NA,NA,NA,NA,No,NA,No,"N/A- No lanterns are being reported lost, stolen, or broken",22,22,Yes,NA,NA,NA,N/A- They do not have science kits yet.,NA,NA,"No, they need a library","No, they need a classroom block or building for their library","No, this school needs a toilet","Yes, another organization or the government has given them something to provide clean water","No, this school needs more classrooms or an upgrade to their current buildings",Other,NA,NA,NA,NA,NA,NA,NA,NA,NA,NA,NA,NA,NA,NA,NA,NA,NA,NA,"No, they do not need anything or they need to work on their lantern program more.",NA,NA
2019-09-24 07:07:00,1880,R_c4uUv6hZSDgOXer,7.0191540000000003374225343577563762664794921875,-1.1176999999999999158006858124281279742717742919921875,Richard,NA,NA,NA,Dagomba,NA,"Routine Program Evaluation,Surveyor Team Visit,Project Update Visit",NA,NA,NA,21,135,38,NA,92,28,NA,17,20,0 - This school has a Junior High School,NA,NA,NA,NA,NA,NA,No,NA,Yes,"Lost,Broken",34,43,Yes,NA,NA,NA,1-2 times in a term,3- This describes our school a little bit,1- This does not describe our school,"Yes, EPI has given them a library",N/A- this school already has a library,"Yes, another organization or the government has given them some","Yes, another organization or the government has given them something to provide clean water","Yes, they already had enough classrooms or another organization has provided them",Yes,NA,NA,NA,NA,NA,NA,NA,NA,NA,NA,NA,NA,NA,NA,NA,NA,NA,NA,Maybe in the future,NA,NA
2019-09-25 04:08:35,3980,R_6KZ8sVSffruPuYE,6.8493019999999997793338479823432862758636474609375,-1.1354610000000000535891331310267560184001922607421875,Richard,NA,NA,NA,Bahankra,NA,"Routine Program Evaluation,Surveyor Team Visit,Project Update Visit",NA,720,372,16,88,34,NA,69,7,NA,12,2,0 - This school has a Junior High School,NA,NA,NA,NA,NA,NA,No,NA,Yes,Lost,28,0,Yes,NA,NA,NA,1-2 times in a term,1- This does not describe our school,1- This does not describe our school,"Yes, EPI has given them a library",N/A- this school already has a library,"Yes, EPI has helped build some","Yes, EPI has helped them get access to clean water","Yes, EPI has built enough classrooms for them to use",Yes,NA,NA,NA,NA,NA,NA,NA,NA,NA,NA,NA,NA,NA,NA,NA,NA,NA,NA,Maybe in the future,NA,NA
2019-09-26 05:23:11,902,R_8KdedyVYCJ2YBsO,6.37195300000000042217607187922112643718719482421875,-1.0637119999999999908624204181251116096973419189453125,Richard,NA,NA,NA,Bepotumtum,NA,"MGR Maintenance,Routine Program Evaluation,Surveyor Team Visit,Project Update Visit",NA,567,98,5,NA,10,NA,10,0,NA,0,0,0 - This school has a Junior High School,NA,NA,NA,NA,NA,NA,Yes,NA,Yes,NA,NA,0,Yes,NA,NA,NA,1-2 times in a term,3- This describes our school a little bit,3- This describes our school a little bit,"No, they need a library",Yes,"Yes, another organization or the government has given them some","Yes, another organization or the government has given them something to provide clean water","No, this school needs more classrooms or an upgrade to their current buildings",Yes,NA,NA,NA,NA,NA,NA,NA,NA,NA,NA,NA,NA,NA,NA,NA,NA,NA,NA,Maybe in the future,NA,NA
2019-09-30 05:38:51,1699,R_f3PvTYy7dS6rTdp,5.96497299999999963660002322285436093807220458984375,-0.175061999999999995392130358595750294625759124755859375,Richard,NA,NA,NA,Adenya,NA,"Routine Program Evaluation,Surveyor Team Visit,Project Update Visit",NA,450,120,15,41,14,NA,34,19,NA,18,15,0 - This school has a Junior High School,NA,NA,NA,NA,NA,NA,No,NA,No,"N/A- No lanterns are being reported lost, stolen, or broken",0,NA,Yes,NA,NA,NA,1-2 times in a term,3- This describes our school a little bit,3- This describes our school a little bit,"Yes, EPI has given them a library",N/A- this school already has a library,"Yes, another organization or the government has given them some","Yes, another organization or the government has given them something to provide clean water","Yes, they already had enough classrooms or another organization has provided them",Yes,NA,NA,NA,NA,NA,NA,NA,NA,NA,NA,NA,NA,NA,NA,NA,NA,NA,NA,Maybe in the future,NA,NA
2019-10-04 03:18:56,2131,R_6gFmA4VYbQrTQIw,7.125569999999999737383404863066971302032470703125,-0.67617000000000004877875880993087776005268096923828125,Richard,NA,NA,NA,TumTum,NA,"MGR Maintenance,Routine Program Evaluation,Surveyor Team Visit,Project Update Visit",NA,500,160,16,40,9,NA,NA,13,NA,21,13,0 - This school has a Junior High School,NA,NA,NA,NA,NA,NA,No,NA,No,NA,0,30,Yes,NA,NA,NA,Less than 1 time in a term,3- This describes our school a little bit,3- This describes our school a little bit,"No, they need a library",Yes,"Yes, another organization or the government has given them some","Yes, EPI has helped them get access to clean water","Yes, they already had enough classrooms or another organization has provided them",Yes,NA,NA,NA,NA,NA,NA,NA,NA,NA,NA,NA,NA,NA,NA,NA,NA,NA,NA,Maybe in the future,NA,NA
2019-10-04 05:34:33,1535,R_kVsw1ByIFwTipNr,7.1228490000000004300773071008734405040740966796875,-0.79576100000000005163514060768648050725460052490234375,Richard,NA,NA,NA,Mosipanin D/A Basic School,NA,"MGR Maintenance,Routine Program Evaluation,Surveyor Team Visit,Project Update Visit",NA,574,160,12,55,8,NA,20,7,NA,24,24,0 - This school has a Junior High School,NA,NA,NA,NA,NA,NA,No,NA,Yes,Lost,18,18,Yes,NA,NA,NA,Less than 1 time in a term,3- This describes our school a little bit,3- This describes our school a little bit,"No, they need a library",Yes,"Yes, another organization or the government has given them some","Yes, EPI has helped them get access to clean water","No, this school needs more classrooms or an upgrade to their current buildings",No,NA,NA,NA,NA,NA,NA,NA,NA,NA,NA,NA,NA,NA,NA,NA,NA,NA,NA,Maybe in the future,NA,NA
2019-09-18 02:45:57,8088,R_3IBJlgfnrNvnLOL,7.29093400000000002592059900052845478057861328125,-2.40522599999999986408738550380803644657135009765625,George,NA,NA,NA,Nwawasua M/A School,NA,"Routine Program Evaluation,Surveyor Team Visit,Other",Menstrual kits,1900,520,21,NA,28,NA,60,15,NA,18,14,0 - This school has a Junior High School,NA,NA,NA,NA,NA,NA,Yes,NA,Yes,"Lost,Broken",28 stolen and lost replaced,26  two with teachers,Yes,NA,NA,NA,3 or more times in a term,1- This does not describe our school,1- This does not describe our school,"Yes, EPI has given them a library",N/A- this school already has a library,"Yes, another organization or the government has given them some","Yes, another organization or the government has given them something to provide clean water","Yes, they already had enough classrooms or another organization has provided them",Yes,NA,NA,NA,NA,NA,NA,NA,NA,NA,NA,NA,NA,NA,NA,NA,NA,NA,NA,"No, they do not need anything or they need to work on their lantern program more.",NA,NA
2019-09-20 06:24:31,1117,R_82sGL9MKkCofRLf,5.94617400000000007054268280626274645328521728515625,-0.3265379999999999949267248666728846728801727294921875,George,NA,NA,NA,Afransua Dedewa M/A Primary School,NA,"Routine Program Evaluation,Surveyor Team Visit",NA,900,119,4,43,8,NA,N/A,N/A,NA,N/A,N_A,3-5 km,NA,NA,NA,NA,NA,NA,Yes,NA,No,NA,2i,NA,Yes,NA,NA,NA,3 or more times in a term,5- This describes our school,1- This does not describe our school,"Yes, another organization or the government has given them a library","No, they need a classroom block or building for their library","Yes, another organization or the government has given them some","Yes, another organization or the government has given them something to provide clean water","No, this school needs more classrooms or an upgrade to their current buildings",No,NA,NA,NA,NA,NA,NA,NA,NA,NA,NA,NA,NA,NA,NA,NA,NA,NA,NA,Yes,NA,NA
2019-09-24 04:30:01,846,R_bpKl2yPoK6zyIuQ,5.121508999999999645069692633114755153656005859375,-1.951513999999999970924591252696700394153594970703125,George,NA,NA,NA,Community School 3,NA,"Routine Program Evaluation,Surveyor Team Visit,Project Update Visit",NA,50p,155,7,42,NA,NA,31,26,NA,13,9,0 - This school has a Junior High School,NA,NA,NA,NA,NA,NA,No,NA,No,"N/A- No lanterns are being reported lost, stolen, or broken",20,17,Yes,NA,NA,NA,3 or more times in a term,5- This describes our school,5- This describes our school,"No, they need a library","No, they need a classroom block or building for their library","No, this school needs a toilet","Yes, another organization or the government has given them something to provide clean water","Yes, EPI has built enough classrooms for them to use",No,NA,NA,NA,NA,NA,NA,NA,NA,NA,NA,NA,NA,NA,NA,NA,NA,NA,NA,Maybe in the future,NA,NA
2019-10-04 03:50:07,1462,R_j3uZGEGPn7Ye7Zn,5.90301399999999976131448420346714556217193603515625,-0.52230600000000004801137265530996955931186676025390625,George,NA,NA,NA,Wurudu Wurudu,NA,"Routine Program Evaluation,Surveyor Team Visit",NA,1300,182,8,38,14,NA,34,12,NA,27,3,0 - This school has a Junior High School,NA,NA,NA,NA,NA,NA,Yes,NA,No,NA,2,0 2 for  the teachers,No,NA,NA,NA,3 or more times in a term,5- This describes our school,5- This describes our school,"Yes, EPI has given them a library",N/A- this school already has a library,"Yes, EPI has helped build some","Yes, EPI has helped them get access to clean water","Yes, EPI has built enough classrooms for them to use",Yes,NA,NA,NA,NA,NA,NA,NA,NA,NA,NA,NA,NA,NA,NA,NA,NA,NA,NA,"No, they do not need anything or they need to work on their lantern program more.",NA,NA
2019-10-10 05:20:55,916,R_mYEwGN7lcmnwZgN,5.961679000000000172576619661413133144378662109375,-0.5375010000000000065512040237081237137317657470703125,George,NA,NA,NA,Fawotrikosie,NA,"Routine Program Evaluation,Surveyor Team Visit",NA,1000,163,9,41,14,NA,42,14,NA,29,13,0 - This school has a Junior High School,NA,NA,NA,NA,NA,NA,Yes,NA,No,NA,10,9 one with teachers,Yes,NA,NA,NA,3 or more times in a term,5- This describes our school,5- This describes our school,"Yes, EPI has given them a library",N/A- this school already has a library,"Yes, another organization or the government has given them some","Yes, EPI has helped them get access to clean water","Yes, EPI has built enough classrooms for them to use",Yes,NA,NA,NA,NA,NA,NA,NA,NA,NA,NA,NA,NA,NA,NA,NA,NA,NA,NA,Maybe in the future,NA,NA
2019-10-18 00:41:33,943,R_jIpCdeNstsevdm3,6.0049229999999997886561686755158007144927978515625,0.424800000000000010924594562311540357768535614013671875,George,NA,NA,NA,Terhey,NA,"MGR Maintenance,Routine Program Evaluation,Surveyor Team Visit",NA,450,215,9,67,11,NA,45,7,NA,18,7,0 - This school has a Junior High School,NA,NA,NA,NA,NA,NA,Yes,NA,No,NA,8,8,Yes,NA,NA,NA,Less than 1 time in a term,3- This describes our school a little bit,3- This describes our school a little bit,"No, they need a library",Yes,"Yes, another organization or the government has given them some","Yes, another organization or the government has given them something to provide clean water","Yes, they already had enough classrooms or another organization has provided them",No,NA,NA,NA,NA,NA,NA,NA,NA,NA,NA,NA,NA,NA,NA,NA,NA,NA,NA,"No, they do not need anything or they need to work on their lantern program more.",NA,NA
2019-10-18 03:20:43,692,R_gHiel29fByjOW8j,5.550201416015625,-0.2174072265625,George,NA,NA,NA,Madavunu,NA,"Routine Program Evaluation,Surveyor Team Visit",NA,800,219,NA,54,10,NA,30,11,NA,16,11,0 - This school has a Junior High School,NA,NA,NA,NA,NA,NA,Yes,NA,No,NA,11,11,Yes,NA,NA,NA,3 or more times in a term,5- This describes our school,5- This describes our school,"No, they need a library",Yes,"Yes, another organization or the government has given them some","Yes, another organization or the government has given them something to provide clean water","No, this school needs more classrooms or an upgrade to their current buildings",Yes,NA,NA,NA,NA,NA,NA,NA,NA,NA,NA,NA,NA,NA,NA,NA,NA,NA,NA,"No, they do not need anything or they need to work on their lantern program more.",NA,NA
2019-10-07 06:30:51,946,R_7OVN9fjIOq9Jbgi,5.95257599999999964524022288969717919826507568359375,0.370626999999999984236609407162177376449108123779296875,Richard,NA,NA,NA,Amuyaokope,NA,"MGR Maintenance,Routine Program Evaluation,Surveyor Team Visit,Project Update Visit",NA,810,280,13,105,26,NA,32,13,NA,14,14,0 - This school has a Junior High School,NA,NA,NA,NA,NA,NA,Yes,NA,Yes,Broken,15,0,Yes,NA,NA,NA,Less than 1 time in a term,3- This describes our school a little bit,3- This describes our school a little bit,"Yes, another organization or the government has given them a library",Yes,"Yes, another organization or the government has given them some","Yes, another organization or the government has given them something to provide clean water","Yes, they already had enough classrooms or another organization has provided them",Yes,NA,NA,NA,NA,NA,NA,NA,NA,NA,NA,NA,NA,NA,NA,NA,NA,NA,NA,Maybe in the future,NA,NA
2019-10-08 05:58:39,696,R_ijzjetX75Axt3cx,5.82056899999999988182253218838013708591461181640625,0.6297859999999999569553210676531307399272918701171875,Richard,NA,NA,NA,Pediatorkope,NA,"Routine Program Evaluation,Surveyor Team Visit,Project Update Visit",NA,750,560,12,230,27,NA,150,45,NA,25,45,0 - This school has a Junior High School,NA,NA,NA,NA,NA,NA,No,NA,No,"N/A- No lanterns are being reported lost, stolen, or broken",0,43,Yes,NA,NA,NA,1-2 times in a term,3- This describes our school a little bit,3- This describes our school a little bit,"Yes, another organization or the government has given them a library",Yes,"Yes, another organization or the government has given them some","No, this school needs a borehole or other clean water solution","Yes, they already had enough classrooms or another organization has provided them",Yes,NA,NA,NA,NA,NA,NA,NA,NA,NA,NA,NA,NA,NA,NA,NA,NA,NA,NA,Maybe in the future,NA,NA
2019-10-10 06:05:48,710,R_nC8NuPqFfIrvMDd,6.6909650000000002734168447204865515232086181640625,0.09839599999999999735411648771332693286240100860595703125,Richard,NA,NA,NA,Galalia D/A Primary School,NA,"Routine Program Evaluation,Surveyor Team Visit,Project Update Visit",NA,NA,295,3,87,0,NA,0,0,NA,0,0,The closest JHS is greater than 6 km distance from the school,NA,NA,NA,NA,NA,NA,Yes,NA,Yes,Broken,24,0,Yes,NA,NA,NA,N/A- They do not have science kits yet.,NA,NA,"No, they need a library","No, they need a classroom block or building for their library","No, this school needs a toilet","No, this school needs a borehole or other clean water solution","No, this school needs more classrooms or an upgrade to their current buildings",Other,NA,NA,NA,NA,NA,NA,NA,NA,NA,NA,NA,NA,NA,NA,NA,NA,NA,NA,Maybe in the future,NA,NA
2019-10-15 07:13:13,594,R_4E9DtaPAs2B6OPX,5.57842999999999999971578290569595992565155029296875,-0.8818449999999999899813474257825873792171478271484375,Richard,NA,NA,NA,Mansokwa,NA,"Routine Program Evaluation,Surveyor Team Visit,Project Update Visit",NA,1500,182,16,51,18,NA,38,16,NA,24,24,0 - This school has a Junior High School,NA,NA,NA,NA,NA,NA,No,NA,Yes,Broken,34,0,Yes,NA,NA,NA,N/A- They do not have science kits yet.,NA,NA,"No, they need a library",Yes,"Yes, another organization or the government has given them some","Yes, another organization or the government has given them something to provide clean water","Yes, they already had enough classrooms or another organization has provided them",Yes,NA,NA,NA,NA,NA,NA,NA,NA,NA,NA,NA,NA,NA,NA,NA,NA,NA,NA,Maybe in the future,NA,NA
2019-10-23 04:32:14,651,R_k8RgnJKAnKz0nhI,6.1697439999999996729229678749106824398040771484375,-0.1986650000000000082511775190141634084284305572509765625,Richard,NA,NA,NA,Akeyeremateng,NA,"Routine Program Evaluation,Surveyor Team Visit,Project Update Visit",NA,450,106,11,19,7,NA,30,7,NA,33,33,0 - This school has a Junior High School,NA,NA,NA,NA,NA,NA,No,NA,Yes,Broken,12,13,Yes,NA,NA,NA,1-2 times in a term,5- This describes our school,5- This describes our school,"No, they need a library","No, they need a classroom block or building for their library","Yes, another organization or the government has given them some","No, this school needs a borehole or other clean water solution","No, this school needs more classrooms or an upgrade to their current buildings",Yes,NA,NA,NA,NA,NA,NA,NA,NA,NA,NA,NA,NA,NA,NA,NA,NA,NA,NA,Maybe in the future,NA,NA
2019-11-05 05:53:34,945,R_fefsnhTDwVd3y5M,6.01767099999999999226929503493010997772216796875,-0.9762020000000000141682221510563977062702178955078125,Richard,NA,NA,NA,Essam Golden Sunbeam Montessori School,NA,"Routine Program Evaluation,Surveyor Team Visit,Project Update Visit",NA,1200,120,7,50,17,NA,31,0,NA,0,0,0 - This school has a Junior High School,NA,NA,NA,NA,NA,NA,Yes,NA,No,"N/A- No lanterns are being reported lost, stolen, or broken",0,0,Yes,NA,NA,NA,1-2 times in a term,3- This describes our school a little bit,3- This describes our school a little bit,"Yes, another organization or the government has given them a library",N/A- this school already has a library,"Yes, another organization or the government has given them some","Yes, another organization or the government has given them something to provide clean water","Yes, they already had enough classrooms or another organization has provided them",No,NA,NA,NA,NA,NA,NA,NA,NA,NA,NA,NA,NA,NA,NA,NA,NA,NA,NA,Maybe in the future,NA,NA
2020-01-14 06:38:04,653,R_khceX6hjtXo6lqX,7.1894229999999996749693309538997709751129150390625,0.03418100000000000304734015799112967215478420257568359375,Richard,NA,NA,NA,Ador Kope,NA,"Routine Program Evaluation,Surveyor Team Visit,Project Update Visit",NA,350,166,6,102,16,NA,N/A,N/A,NA,N/A,N/A,0 - This school has a Junior High School,NA,NA,NA,NA,NA,NA,No,NA,No,"N/A- No lanterns are being reported lost, stolen, or broken",14,14,Yes,NA,NA,NA,1-2 times in a term,5- This describes our school,5- This describes our school,"No, they need a library",Yes,"Yes, another organization or the government has given them some","No, this school needs a borehole or other clean water solution","No, this school needs more classrooms or an upgrade to their current buildings",No,NA,NA,NA,NA,NA,NA,NA,NA,NA,NA,NA,NA,NA,NA,NA,NA,NA,NA,Maybe in the future,NA,NA
2020-01-15 05:22:36,508,R_8CVufmpSYPXhbsR,7.05789699999999964319385981070809066295623779296875,0.120174000000000003041122909053228795528411865234375,Richard,NA,NA,NA,Zippo Nyuinyui R/C,NA,"Routine Program Evaluation,Surveyor Team Visit,Project Update Visit",NA,NA,240,9,100,13,NA,24,N/A,NA,N/A,N/A,0 - This school has a Junior High School,NA,NA,NA,NA,NA,NA,No,NA,Yes,Broken,19,17,Yes,NA,NA,NA,N/A- They do not have science kits yet.,NA,NA,"No, they need a library","No, they need a classroom block or building for their library","Yes, another organization or the government has given them some","No, this school needs a borehole or other clean water solution","No, this school needs more classrooms or an upgrade to their current buildings",Yes,NA,NA,NA,NA,NA,NA,NA,NA,NA,NA,NA,NA,NA,NA,NA,NA,NA,NA,Maybe in the future,NA,NA
2020-01-16 06:26:39,551,R_63FcO0gpKV3NTfY,6.97729700000000008230927051045000553131103515625,0.12151800000000000101518793371724314056336879730224609375,Richard,NA,NA,NA,Kpala Private School (IOHCA),NA,"Routine Program Evaluation,Surveyor Team Visit,Project Update Visit",NA,1700,111,6,25,N/A,NA,0,N/A,NA,0,N/A,The closest JHS is greater than 6 km distance from the school,NA,NA,NA,NA,NA,NA,No,NA,No,Broken,19,17,Yes,NA,NA,NA,Less than 1 time in a term,3- This describes our school a little bit,3- This describes our school a little bit,"No, they need a library","No, they need a classroom block or building for their library","Yes, another organization or the government has given them some","No, this school needs a borehole or other clean water solution","No, this school needs more classrooms or an upgrade to their current buildings",Yes,NA,NA,NA,NA,NA,NA,NA,NA,NA,NA,NA,NA,NA,NA,NA,NA,NA,NA,Maybe in the future,NA,NA
2020-01-20 05:48:39,671,R_aw8qLQugYa7TucI,6.37190399999999979030462782247923314571380615234375,-1.06361200000000000187583282240666449069976806640625,Richard,NA,NA,NA,Bepotumtum,NA,"Routine Program Evaluation,Surveyor Team Visit,Project Update Visit",NA,600,95,6,54,10,NA,10,N/A,NA,N/A,N/A,0 - This school has a Junior High School,NA,NA,NA,NA,NA,NA,Yes,NA,No,"N/A- No lanterns are being reported lost, stolen, or broken",35,35,Yes,NA,NA,NA,1-2 times in a term,3- This describes our school a little bit,3- This describes our school a little bit,"No, they need a library","No, they need a classroom block or building for their library","Yes, another organization or the government has given them some","No, this school needs a borehole or other clean water solution","No, this school needs more classrooms or an upgrade to their current buildings",Yes,NA,NA,NA,NA,NA,NA,NA,NA,NA,NA,NA,NA,NA,NA,NA,NA,NA,NA,Maybe in the future,NA,NA
2020-01-21 04:00:48,646,R_9cP5l2BoXBKx8iW,6.30923500000000014864554032101295888423919677734375,-0.67163600000000001077893330148071981966495513916015625,Richard,NA,NA,NA,Wekpeti Abresu,NA,"MGR Maintenance,Routine Program Evaluation,Surveyor Team Visit,Project Update Visit",NA,600,217,11,80,19,NA,64,NA,NA,NA,NA,0 - This school has a Junior High School,NA,NA,NA,NA,NA,NA,"No, but they have poles or power lines",NA,Yes,Broken,NA,29,Yes,NA,NA,NA,1-2 times in a term,3- This describes our school a little bit,3- This describes our school a little bit,"No, they need a library",Yes,"No, this school needs a toilet","Yes, EPI has helped them get access to clean water","Yes, they already had enough classrooms or another organization has provided them",Yes,NA,NA,NA,NA,NA,NA,NA,NA,NA,NA,NA,NA,NA,NA,NA,NA,NA,NA,Maybe in the future,NA,NA
2020-01-22 06:14:35,487,R_loE3CEn1YgeVMQ3,6.3583990000000003561808625818230211734771728515625,-0.66270700000000004603606384989689104259014129638671875,Richard,NA,NA,NA,Abrenya,NA,"MGR Maintenance,Routine Program Evaluation,Surveyor Team Visit,Project Update Visit",NA,500,200,10,89,NA,NA,30,NA,NA,NA,NA,0 - This school has a Junior High School,NA,NA,NA,NA,NA,NA,"No, but they have poles or power lines",NA,Yes,"N/A- No lanterns are being reported lost, stolen, or broken",30,25,Yes,NA,NA,NA,Less than 1 time in a term,3- This describes our school a little bit,3- This describes our school a little bit,"No, they need a library","No, they need a classroom block or building for their library","No, this school needs a toilet","No, this school needs a borehole or other clean water solution","No, this school needs more classrooms or an upgrade to their current buildings",Yes,NA,NA,NA,NA,NA,NA,NA,NA,NA,NA,NA,NA,NA,NA,NA,NA,NA,NA,Maybe in the future,NA,NA
2020-01-24 05:55:01,395,R_8sXlOAEssTVxJ1x,6.54125499999999959754859446547925472259521484375,-0.60585199999999994613375520202680490911006927490234375,Richard,NA,NA,NA,Ntomem,NA,"MGR Maintenance,Routine Program Evaluation,Surveyor Team Visit,Project Update Visit",NA,1500,707,15,350,43,NA,117,NA,NA,NA,NA,1-2 km,NA,NA,NA,NA,NA,NA,No,NA,No,NA,43,22,No,NA,NA,NA,Less than 1 time in a term,3- This describes our school a little bit,3- This describes our school a little bit,"No, they need a library",N/A- this school already has a library,"No, this school needs a toilet","No, this school needs a borehole or other clean water solution","No, this school needs more classrooms or an upgrade to their current buildings",Yes,NA,NA,NA,NA,NA,NA,NA,NA,NA,NA,NA,NA,NA,NA,NA,NA,NA,NA,Maybe in the future,NA,NA
2020-02-11 03:09:55,537,R_czn64h3aLXLRlwb,5.96511299999999966559016684186644852161407470703125,-0.175304999999999988613552659444394521415233612060546875,Richard,NA,NA,NA,Adenya,NA,"Routine Program Evaluation,Surveyor Team Visit,Project Update Visit",NA,NA,185,16,58,10,NA,45,NA,NA,NA,NA,0 - This school has a Junior High School,NA,NA,NA,NA,NA,NA,Yes,NA,No,"N/A- No lanterns are being reported lost, stolen, or broken",NA,NA,Yes,NA,NA,NA,Less than 1 time in a term,5- This describes our school,5- This describes our school,"Yes, another organization or the government has given them a library",N/A- this school already has a library,"Yes, another organization or the government has given them some","Yes, another organization or the government has given them something to provide clean water","No, this school needs more classrooms or an upgrade to their current buildings",Yes,NA,NA,NA,NA,NA,NA,NA,NA,NA,NA,NA,NA,NA,NA,NA,NA,NA,NA,Maybe in the future,NA,NA
2020-02-11 05:08:01,507,R_ijvi7L5v0Wf5CaH,5.97342499999999976267872625612653791904449462890625,-0.21607100000000001305267005591304041445255279541015625,Richard,NA,NA,NA,Attabui,NA,"Routine Program Evaluation,Surveyor Team Visit,Project Update Visit",NA,1700,260,17,78,26,NA,64,NA,NA,NA,NA,0 - This school has a Junior High School,NA,NA,NA,NA,NA,NA,No,NA,Yes,Stolen,13,10,Yes,NA,NA,NA,Less than 1 time in a term,5- This describes our school,3- This describes our school a little bit,"Yes, EPI has given them a library",N/A- this school already has a library,"Yes, another organization or the government has given them some","Yes, another organization or the government has given them something to provide clean water","No, this school needs more classrooms or an upgrade to their current buildings",Yes,NA,NA,NA,NA,NA,NA,NA,NA,NA,NA,NA,NA,NA,NA,NA,NA,NA,NA,Maybe in the future,NA,NA
2020-03-03 05:13:12,935,R_dNeWeVuSQvrO99j,6.024900999999999839928932487964630126953125,0.25920799999999999396749217339674942195415496826171875,Richard,NA,NA,NA,Nyapienya,NA,"MGR Maintenance,Routine Program Evaluation,Surveyor Team Visit,Project Update Visit",NA,980,147,15,75,11,NA,27,10,NA,26,10,0 - This school has a Junior High School,NA,NA,NA,NA,NA,NA,Yes,NA,No,Broken,10,16,Yes,NA,NA,NA,1-2 times in a term,3- This describes our school a little bit,5- This describes our school,"Yes, EPI has given them a library",N/A- this school already has a library,"Yes, another organization or the government has given them some","Yes, another organization or the government has given them something to provide clean water","Yes, EPI has built enough classrooms for them to use",No,NA,NA,NA,NA,NA,NA,NA,NA,NA,NA,NA,NA,NA,NA,NA,NA,NA,NA,Maybe in the future,NA,NA
2021-10-18 04:12:35,684,R_60PVuPedscfiey1,6.30910900000000030019009500392712652683258056640625,-0.6715910000000000490416596221621148288249969482421875,Richard,NA,NA,NA,Wekpeti Abresu,NA,"MGR Maintenance,Routine Program Evaluation,Surveyor Team Visit,Project Update Visit",NA,600,310,12,74,28,NA,73,25,NA,19,23,0 - This school has a Junior High School,NA,NA,NA,NA,NA,NA,No,NA,Yes,Broken,15,15,Yes,NA,NA,NA,1-2 times in a term,3- This describes our school a little bit,3- This describes our school a little bit,"Yes, another organization or the government has given them a library",N/A- this school already has a library,"No, this school needs a toilet","No, this school needs a borehole or other clean water solution","Yes, they already had enough classrooms or another organization has provided them",Yes,NA,NA,NA,NA,NA,NA,NA,NA,NA,NA,NA,NA,NA,NA,NA,NA,NA,NA,Maybe in the future,NA,NA
2021-10-18 08:33:59,558,R_lVGUlRvQLYkIEnY,6.2972049999999999414512785733677446842193603515625,-0.68958799999999997876187762813060544431209564208984375,Richard,NA,NA,NA,Ekorso-Akuoadu,NA,"MGR Maintenance,Routine Program Evaluation,Surveyor Team Visit,Project Update Visit",NA,300,335,15,48,19,NA,55,28,NA,16,28,0 - This school has a Junior High School,NA,NA,NA,NA,NA,NA,"No, but they have poles or power lines",NA,Yes,Lost,9,9,Yes,NA,NA,NA,Less than 1 time in a term,3- This describes our school a little bit,3- This describes our school a little bit,"Yes, another organization or the government has given them a library",NA,"No, this school needs a toilet","Yes, EPI has helped them get access to clean water","Yes, they already had enough classrooms or another organization has provided them",Yes,NA,NA,NA,NA,NA,NA,NA,NA,NA,NA,NA,NA,NA,NA,NA,NA,NA,NA,Maybe in the future,NA,NA
2022-06-07 03:08:09,430,R_dZ91JeNPRwoFLLm,5.952494,0.37128,Richard,NA,NA,NA,Amuyaokope,NA,"MGR Maintenance,Routine Program Evaluation,Project Update Visit",NA,1200,265,8,70,23,NA,71,28,NA,20,19,0 - This school has a Junior High School,NA,NA,NA,NA,NA,NA,Yes,NA,Yes,"Lost,Broken",5,4,Yes,NA,NA,NA,1-2 times in a term,3- This describes our school a little bit,3- This describes our school a little bit,"No, they need a library",Yes,"Yes, another organization or the government has given them some","Yes, another organization or the government has given them something to provide clean water","Yes, they already had enough classrooms or another organization has provided them",Yes,NA,NA,NA,NA,NA,NA,NA,NA,NA,NA,NA,NA,NA,NA,NA,NA,NA,NA,"No, they do not need anything or they need to work on their lantern program more.",NA,NA
2022-06-07 07:01:43,332,R_1OfMEEsD2GK6x7M,6.004485,0.425771,Richard,NA,NA,NA,Terhey,NA,"Routine Program Evaluation,Project Update Visit",NA,1450,144,6,50,14,NA,40,22,NA,20,19,1-2 km,NA,NA,NA,NA,NA,NA,Yes,NA,Yes,"Lost,Stolen,Broken",0,0,No,NA,NA,NA,Less than 1 time in a term,3- This describes our school a little bit,3- This describes our school a little bit,"No, they need a library",Yes,"Yes, another organization or the government has given them some","Yes, another organization or the government has given them something to provide clean water","No, this school needs more classrooms or an upgrade to their current buildings",Other,NA,NA,NA,NA,NA,NA,NA,NA,NA,NA,NA,NA,NA,NA,NA,NA,NA,NA,Maybe in the future,NA,NA
2022-06-15 07:04:54,2179,R_5CHasDuDSZj51es,5.959902,-0.21789,Richard,NA,NA,NA,Attabui,NA,"Routine Program Evaluation,Surveyor Team Visit,Project Update Visit",NA,1200,230,19,67,23,NA,53,18,NA,36,15,0 - This school has a Junior High School,NA,NA,NA,NA,NA,NA,Yes,NA,Yes,"Lost,Stolen,Broken",5,2,Yes,NA,NA,NA,Less than 1 time in a term,3- This describes our school a little bit,3- This describes our school a little bit,"Yes, EPI has given them a library",N/A- this school already has a library,"Yes, another organization or the government has given them some","Yes, EPI has helped them get access to clean water","No, this school needs more classrooms or an upgrade to their current buildings",Other,NA,NA,NA,NA,NA,NA,NA,NA,NA,NA,NA,NA,NA,NA,NA,NA,NA,NA,Maybe in the future,NA,NA
2022-06-16 05:07:00,578,R_bkOH2QHJiQ03P1i,5.965087,-0.175185,Richard,NA,NA,NA,Adenya,NA,"MGR Maintenance,Routine Program Evaluation,Surveyor Team Visit,Project Update Visit",NA,700,91,13,22,14,NA,35,25,NA,19,16,0 - This school has a Junior High School,NA,NA,NA,NA,NA,NA,No,NA,Yes,"Stolen,Broken",15,20,Yes,NA,NA,NA,1-2 times in a term,5- This describes our school,3- This describes our school a little bit,"Yes, EPI has given them a library",N/A- this school already has a library,"Yes, another organization or the government has given them some","No, this school needs a borehole or other clean water solution","No, this school needs more classrooms or an upgrade to their current buildings",Other,NA,NA,NA,NA,NA,NA,NA,NA,NA,NA,NA,NA,NA,NA,NA,NA,NA,NA,Yes,NA,NA
2022-06-20 06:01:18,386,R_jJA4VuhTa5l9OTv,6.297237,-0.689445,Richard,NA,NA,NA,Ekorso-Akuoadu,NA,"MGR Maintenance,Routine Program Evaluation,Surveyor Team Visit,Project Update Visit",NA,650,146,16,89,19,NA,122,19,NA,16,16,0 - This school has a Junior High School,NA,NA,NA,NA,NA,NA,"No, but they have poles or power lines",NA,Yes,"Lost,Stolen,Broken,N/A- No lanterns are being reported lost, stolen, or broken",10,10,No,NA,NA,NA,Less than 1 time in a term,3- This describes our school a little bit,3- This describes our school a little bit,"Yes, EPI has given them a library",N/A- this school already has a library,"Yes, another organization or the government has given them some","Yes, EPI has helped them get access to clean water","No, this school needs more classrooms or an upgrade to their current buildings",Other,NA,NA,NA,NA,NA,NA,NA,NA,NA,NA,NA,NA,NA,NA,NA,NA,NA,NA,Yes,NA,NA
2022-06-21 04:44:59,950,R_8VDe05wht7desHW,6.393386,-1.059157,Richard,NA,NA,NA,Bepotumtum,NA,"MGR Maintenance,Routine Program Evaluation,Surveyor Team Visit,Project Update Visit",NA,800,147,6,52,9,NA,31,N/A,NA,N/A,N/A,0 - This school has a Junior High School,NA,NA,NA,NA,NA,NA,Yes,NA,Yes,Broken,15,15,Yes,NA,NA,NA,Less than 1 time in a term,1- This does not describe our school,1- This does not describe our school,"Yes, EPI has given them a library",Yes,"Yes, another organization or the government has given them some","No, this school needs a borehole or other clean water solution","Yes, they already had enough classrooms or another organization has provided them",Other,NA,NA,NA,NA,NA,NA,NA,NA,NA,NA,NA,NA,NA,NA,NA,NA,NA,NA,Maybe in the future,NA,NA
2022-06-23 06:23:57,1199,R_8bSl5DtYwZdF8rG,5.938387,-0.243885,Richard,NA,NA,NA,Other,Ankwasu,"MGR Maintenance,Routine Program Evaluation,Surveyor Team Visit,Project Update Visit",NA,800,412,17,107,24,NA,62,37,NA,26,34,1-2 km,NA,NA,NA,NA,NA,NA,No,NA,Yes,"Lost,Stolen,Broken",6,10,No,NA,NA,NA,Less than 1 time in a term,1- This does not describe our school,1- This does not describe our school,"No, they need a library",Yes,"No, this school needs a toilet","Yes, another organization or the government has given them something to provide clean water","Yes, they already had enough classrooms or another organization has provided them",Other,NA,NA,NA,NA,NA,NA,NA,NA,NA,NA,NA,NA,NA,NA,NA,NA,NA,NA,Yes,NA,NA
